id_abt,id_buy,name_abt,name_buy,label,raw_response,pred_label
34959,207383660,Plantronics .Audio 920 Bluetooth Headset - AUDIO920,Plantronics .Audio 920 Wireless Earset - 78592-01,1,NO_MATCH,0
33804,90125772,Motorola MotoRokr Portable Bluetooth Car Kit Speaker Phone - T505,Sanus Speaker Mount - WMS3B BLACK,0,NO_MATCH,0
36243,206678505,Monster iCarPlay Wireless 250 FM Transmitter With AutoScan for iPod And iPhone - AIPFMCH250,MONSTER A IP FM-CH 250 iCarPlay Wireless 250 FM Transmitter for iPod & iPhone - AIPFM-CH250,1,MATCH,1
37010,204559210,Onkyo Black Stereo Receiver - TX8255,Panasonic NNSD797S 1.6 cu. ft. Genius Prestige Inverter Stainless Steel Microwave Oven,0,NO_MATCH,0
35477,206359209,Griffin iTrip FM Transmitter - 4052TRPSEB,Griffin iTrip FM Transmitter - 4052-TRPSEB,1,MATCH,1
32664,209975310,iHome Black Clock Radio Audio System For iPod - IH9BR,IH9B6R BLACK ALARM CLOCK F/IPODPERPCHARGES DOCKED IPOD REMOTE CONTROL,1,MATCH,1
37877,210401451,Apple MacBook Pro 2.4GHz Intel Core 2 Duo Silver Notebook Computer - MB470LLA,Apple MacBook Pro Notebook - MB470LL/A,1,MATCH,1
33938,205144562,Weber Summit E-620 Copper Liquid Propane Gas Outdoor Grill - 1752001,TiVo HD Digital Video Recorder - Up to 20 Hours in HD! - TCD652160,0,NO_MATCH,0
35010,208117938,LG 30' White Freestanding Gas Range - LRG30357WH,LG 5.0 cu.ft. Freestanding Gas Range,1,NO_MATCH,0
32059,205131849,Unreal Tournament III Video Game For The Sony PS3 - UNREALPS3,Unreal Tournament III - 26991,1,NO_MATCH,0
30939,208742932,Canon Color Image Silver Scanner - 8800F,"Samsung PN63A650 - 63' Widescreen 1080p Plasma HDTV - 1,000,000:1 Dynamic Contrast Ratio - Touch of Color Design - PN63A650T",0,NO_MATCH,0
33510,202813304,Monster Mini-To-Mini iCable For Car - AICMINIIP3S,Apple DVI to mini-DVI Video Cable Adapter - M9321GB,0,NO_MATCH,0
36381,208893656,Speck SeeThru Blue Hard Shell Case For 13' MacBook - MB13BLUSEEV2,SB-900 AF SPEEDLIGHT W/-STND DIFFSN DOME FLT SET - 4807,0,NO_MATCH,0
26615,208085175,Logitech Harmony 1000 Silver Touch Screen Remote Control - H1000,Pioneer Direct Control Cable - CD-IU230V,0,NO_MATCH,0
23864,204636071,Hoover Bagged Tempo Widepath Upright Vacuum - U5140,Hoover Company #U5140900 Wide Path Bag Up Vac,1,MATCH,1
36507,208890876,Onkyo THX Ultra 2 Plus Certified 7.1 Channel Home Theater Black Receiver - TXSR806B,"Panasonic HD 3MOS 60GB Hard Disk Drive/SD Hybrid Camcorder with Advanced Optical Image Stabilizer, Leica Lens, 12x Optical Zoom, 2.7' Wide LCD and Records to Internal Hard Drive and SD Card - HDC-HS100K",0,NO_MATCH,0
25364,210251970,Olympus Digital Camera Neoprene Soft Case - Black With Grey Finish - 202066,Chestnut Hill CHS40001 Chestnut Hill George Ipod Dock Compact Stereo System,0,NO_MATCH,0
33640,206928606,Toshiba Black DVD Recorder With Built-In Digital Tuner - DR560,Toshiba D-R560 DVD Player/Recorder,1,MATCH,1
38619,208226697,LG Washer Dryer White Stacking Kit - WSTK1,Speck Products SeeThru Case for Apple 13' MacBook - MB13-GRN-SEE-V2,0,NO_MATCH,0
30338,206460113,Yamaha Black Digital Sound Projector - YSP4000BK,Yamaha YSP-4000 Digital Sound Projector -- Black - YSP-4000BL,1,MATCH,1
35983,204679144,Panasonic DECT 6.0 Silver Digital Cordless Handset - KXTGA630S,Altec Lansing inMotion iM600 Portable Audio Speaker System - IM600,0,NO_MATCH,0
38782,208670548,Sony VAIO FW Series Black Notebook Computer - VGNFW378JB,Sony BDP-S550 - Blu-ray DVD Player,0,NO_MATCH,0
34001,210402579,Sony Silver 1080p Upscaling 5-Disc DVD Player - DVPNC800HS,Samsung SBH500 Stereo Bluetooth Headset,0,NO_MATCH,0
16668,90148258,Omnimount TV Top Shelf Mount - CCH1P,OmniMount TV Top Shelf Mount - CCH1P,1,MATCH,1
30158,204937142,LaCie 1TB FireWire 800/FireWire 400/USB 2.0 External Hard Drive - 301199U,LaCie Big Disk Extreme+ Hard Drive - 301199U,1,MATCH,1
36295,203025446,Sony 8cm MiniDVD-R Camcorder Media 3 Pack - 3DMR30R1H,Kenwood KCA-IP500 iPod Interface/Controller - KCAIP500,0,NO_MATCH,0
28304,207643194,Fellowes MicroShred Shredder - MS450CS,Canon PowerShot SD890 IS Digital Camera - 2566B001,0,NO_MATCH,0
34496,207978102,Samsung Sound Bar Home Theater System - HTX810,Samsung HTX810T Home Theater System - HTX810T,1,MATCH,1
36988,209253739,Canon VIXIA 120GB High Definition Hard Disc Drive Black Camcorder - HG21,Canon VIXIA HG21 High Definition Camcorder - 2704B001AA,1,NO_MATCH,0
20450,201692660,Canon Color Ink Tank - CL41CL,"Canon Ink Cartridge For PIXMA iP1600, iP6210D and iP6220D Printers - 0617B002",1,NO_MATCH,0
34003,204793355,Samsung 40' Series 5 LCD Black Flat Panel HDTV - LN40A550,Sony MDR-Q68LW Stereo Earphone - MDRQ68LW,0,NO_MATCH,0
31813,207533462,Kenwood Sirius Radio Translator For In-Dash Head Units - KCASR50,KENWOOD KCA-SR50 SIRIUS Radio Translator for In-Dash Head Units,1,MATCH,1
35431,207506251,Panasonic VIERA 32' Class Widescreen LCD HDTV In Black - TC32LZ800,Panasonic VIERA TC-32LZ800 32' LCD TV,1,MATCH,1
35186,201701865,LG 24' LDF6920ST Fully Integrated Built In Stainless Steel Dishwasher - LDF6920SS,Peerless Universal Tilt Wall Mount,0,NO_MATCH,0
37211,208295050,Apple 1GB Pink 2nd Generation iPod Shuffle - MB811LLA,ALPINE CDA-9886 Car Audio Player - CDA9886,0,NO_MATCH,0
28033,207464920,Sony MDR-NC22/BLK Black Noise Canceling Headphones - MDRNC22,Yamaha Outdoor NS-AW390 All-Weather Speaker System - NS-AW390BL,0,NO_MATCH,0
33158,207338961,Sony 60GB High Definition Hard Disk Drive Handycam Camcorder - HDRSR11,Sony Handycam HDR-SR11 High Definition Digital Camcorder - HDRSR11,1,MATCH,1
18441,209002546,Mosquito Magnet Defender Replacement Net - MM4000NET1,Mosquito Magnet Defender Net (replacement),1,MATCH,1
32688,10377226,Pioneer Single Din CD Receiver - DEHP3000IB,Sony Notebook and AC Adapter Cases - VGPAMC3,0,NO_MATCH,0
38003,207659192,Sony 10' Black LCD Digital Photo Frame - DPFD100,Toshiba SD-P71S Portable DVD Player,0,NO_MATCH,0
33438,204292477,Sony 30GB Handycam Hard Disk Drive Camcorder - DCRSR45,"Weber Summit Series S-450 74 1/10' Freestanding Gas Grill with 838 sq. in. Cooking Surface, 6 Stainless Steel Burners, Rotisserie Burner, Stainless Steel Smoker Box & Stainless Steel Work Surface: LP Gas",0,NO_MATCH,0
34130,207900174,Samsung 5 Disc Black Home Theater System - HTZ410T,Samsung HTZ410T Home Theater System - HTZ410T,1,MATCH,1
34945,209114390,LG LFC25770SW 25.0 Cu. Ft. Smooth White French Door Bottom Freezer Refrigerator - LFC25770WH,Yamaha YAS-71 Front Surround System - YAS-71BL,0,NO_MATCH,0
27719,203379237,LG DLG0452W White XL Capacity Gas Dryer - DLG0452WH,LG Electronics DLG0452W 7.3 Cu. Ft. 9-Cycle Gas Dryer,1,MATCH,1
34941,207535265,Sony 7.1 Channel Black A/V Receiver - STRDG820,Lasonic LTA-260 ATSC Converter Box,0,NO_MATCH,0
34899,204053338,Sony Black 9 Megapixel Cyber-Shot Digital Camera - DSCH50B,Garmin Leather Carry Case for Nuvi 660 - 010-10823-01,0,NO_MATCH,0
33280,204505951,Canon Vixia High Definition Camcorder - HF10,Olympus DS-40 512MB Digital Voice Recorder - 141910,0,NO_MATCH,0
38619,207660497,LG Washer Dryer White Stacking Kit - WSTK1,Samsung LN40A650 40' LCD TV,0,NO_MATCH,0
36029,209297152,Canon NB-5L Lithium Battery - 1135B001,Sony ICF-S79W Weather Band Digital Shower Radio - ICFS79W,0,NO_MATCH,0
25814,202973396,Tech Craft Avalon Series TV Stand - SWP48,Techcraft Veneto Series SWP48 TV Stand,1,MATCH,1
30808,204345240,Panasonic 2GB SD Memory Card - SDV02GU1A,PANASONIC 2GB SD CARD PROHISPD 20 MB/SEC - RP-SDV02GU1A,1,MATCH,1
37211,207900178,Apple 1GB Pink 2nd Generation iPod Shuffle - MB811LLA,Samsung LN22A650 22' LCD TV,0,NO_MATCH,0
36033,202067544,Canon Black Leather Camera Case - 1588B001,Nikon Speedlight SB-600 AF Flash Light - 4802,0,NO_MATCH,0
36020,208504304,Canon Deluxe Soft Black Camera Case - 0716B001,Sony HT7200DH Home Theater System,0,NO_MATCH,0
33638,207659192,Toshiba Black Portable DVD Player - SDP71S,Toshiba SD-P71S Portable DVD Player,1,MATCH,1
36962,207899814,Sanus Black Single-Column AV Component System - VF2012,Wal-mt Furn Comp Shlf - VF2012-B1,1,MATCH,1
19141,90145586,Sanus Universal Projector Ceiling Mount -  Black Finish - VMPR1B,Sanus Universal Projector Ceiling Mount - VMPR1B,1,MATCH,1
34004,205753566,Samsung 52' Series 5 LCD Black Flat Panel HDTV - LN52A550,Speck Products ToughSkin for iPod classic - IC-BLK-TS,0,NO_MATCH,0
36454,208237793,Speck SeeThru Orange Hard Shell Case For 15' MacBook - MB15ORGSEEV2,Speck Products SeeThru Case for Apple 15' MacBook Pro - MB15-ORG-SEE-V2,1,MATCH,1
33209,208653765,Sony 7' Digital Photo Frame In Black - DPFD70,Sony DPFD70 Digital Photo Frame,1,MATCH,1
28020,207465587,Canon FAX-JX200 Inkjet Fax Machine - FAXJX200,Panasonic Lumix DMC-TZ5 Digital Camera - Silver,0,NO_MATCH,0
27857,204035273,Transcend 2GB Micro SD Memory Card - TS2GUSD,Transcend 2GB microSD Card - TS2GUSD,1,MATCH,1
24034,208156275,Sony DVD Remote Control For PS2 - Black Finish - 711719707608,Denon DHT-FS3 2-piece Home Theater Audio System,0,NO_MATCH,0
37211,206888012,Apple 1GB Pink 2nd Generation iPod Shuffle - MB811LLA,Weber Premium Cover for Genesis Sivler A Grills & Spirit E-200 Series,0,NO_MATCH,0
33498,206928390,Canon Blue 8.0 Megapixel PowerShot Digital Camera - SD1100ISB,Canon PowerShot SD1100 IS Digital ELPH Camera - Rhythm & Blue - 2512B001,1,MATCH,1
34864,204559213,Sony 46' BRAVIA S-Series Black LCD Flat Panel HDTV - KDL46S4100,Panasonic NNSN667B 1.2 cu. ft. Countertop Microwave Oven In Black,0,NO_MATCH,0
34266,207900180,Samsung 42' Black Flat Panel Series 4 Plasma HDTV - PN42A450P,"Samsung PN42A450 - 42' Widescreen 720p Plasma HDTV - 100,000:1 Dynamic Contrast Ratio - Piano Black - PN42A450P",1,MATCH,1
31397,202870172,Garmin Replacement USB Cable - 0101072301,Garmin USB Cable - 010-10723-01,1,MATCH,1
34878,207895085,TomTom ONE 130S Car GPS Navigation System - 1EE005202,TomTom ONE 130 S Portable GPS System w/ Preloaded Maps - 1EE0.052.02,1,MATCH,1
33045,203514304,Canon Red Photo Ink Cartridge - CLI8R,Canon CLI-8 Red Ink Tank For PIXMA Pro9000 Printer - 0626B002,1,NO_MATCH,0
29338,202143947,Sony Memory Stick USB Adaptor - MSACUS40,Sony Memory Stick USB Card Reader/Writer - MSACUS40,1,MATCH,1
33437,209310245,Yamaha  All-Weather Pair Speaker System - NSAW390WH,"Canon PowerShot SD990 IS 14 Megapixel Digital Camera w/ 3.7x Optical Zoom, UA Len, Face Detection, 2.5 LCD, & ISO 1600 - Black - 2669B001",0,NO_MATCH,0
38486,209656959,Transcend 133X High-Speed 8GB Compact Flash Card - TS8GCF133,Apple 8GB iPod nano Green (4th Generation) - MB745LL/A,0,NO_MATCH,0
24346,208972043,Panasonic Lithium Ion Rechargeable Battery - Black Finish - CGRS006A1B,Panasonic Lithium Ion Digital Camera Battery - CGR-S006A/1B,1,MATCH,1
32322,203405815,Fellowes Personal Powershred Shredder - SB97CS,Fellowes Powershred Personal SB-97Cs Confetti Cut Shredder - 3219701,1,NO_MATCH,0
28951,207929461,Escort Passport 9500I Radar And Laser Detector - 9500I,TomTom XL 330 Portable GPS System w/ Preloaded Maps - 1EG0.052.00,0,NO_MATCH,0
32055,207514567,Twenty20 VholdR Wearable Camcorder Bundle - 1102,Sony VCT-60AV Tripod - VCT60AV,0,NO_MATCH,0
36811,203445879,Nikon Pink 10 Megapixel COOLPIX Digital Camera - COOLPIXS60PNK,Monster Game 127961 GameLink(tm) 2M HDMI Digital Video/Audio Cable for PS3,0,NO_MATCH,0
32340,205761530,Klipsch Black Wireless iPod Speaker - ROOMGROOVE,Klipsch RoomGroove Wireless iPod Speaker System - 1006602,1,NO_MATCH,0
23864,207469300,Hoover Bagged Tempo Widepath Upright Vacuum - U5140,Sony VAIO USB Docking Station - VGPUPR1,0,NO_MATCH,0
33477,208154551,Sony Red Cyber-Shot Digital Camera - DSCW150R,Sony Cyber-shot DSC-W150 Digital Camera - Red - DSCW150R,1,MATCH,1
34905,204792886,Sony Black Camcorder Tripod - VCT80AV,"LG Electronics WM2016CW 27' Front-Load Washer with 3.5 cu. ft. Capacity, 5 Wash Programs, 5 Temperature Levels, 1050 RPM Maximum and SenseClean System",0,NO_MATCH,0
24571,202537967,Panasonic 2 Line 5.8 GHz FHSS GigaRange Expandable Digital Cordless Answering System - Black Finish - KXTG6700B,Panasonic KX-TG6700B Cordless Telephone,1,MATCH,1
36084,208226694,Canon Deluxe Burgundy Leather Case - 2350B001,Speck Products SeeThru Case for Apple 13' MacBook - MB13-RED-SEE-V2,0,NO_MATCH,0
4696,90049928,Sony Switcher - SBV40S,Sony SB-V40S A/V Selector - SBV40S,1,MATCH,1
33273,206808432,Canon DVD Camcorder - DC320,Canon DC320 Digital Camcorder - 2691B001,1,NO_MATCH,0
17067,90140498,Canon Rechargeable Battery - 9763A001,Canon NB-4L Rechargeable Camera Battery - 9763A001,1,MATCH,1
29339,203888987,Panasonic Silver Rice Cooker/Warmer - SRTMB10,Panasonic Srtmb10/Rice Cooker/5.5cup/Fuzzy - SR-TMB10,1,MATCH,1
33668,206917817,Nikon CoolPix S550  Blue 10.0 Megapixels Compact Digital Camera - COOLPIXS550CB,Nikon Coolpix S550 Digital Camera - Cool Blue - 26109,1,MATCH,1
32022,204363358,Sony Bluetooth Adaptor/Portable Transmitter - TMRBT10,SONY STEREO BLUETOOTH HEADSET *NIC* - TMRBT10/TMRBT10A,1,MATCH,1
25858,202870184,Garmin Nuvi 660 010-10747-03 Black 12 Volt Adapter Cable - 0101074703,Garmin Cigarette Lighter Adapter for GPS Navigation - 010-10747-03,1,MATCH,1
33582,207388758,Panasonic VIERA 50' Plasma Flat Panel 1080p HDTV In Black - TH50PZ80U,Panasonic Viera TH-50PZ80U 50' Plasma TV,1,MATCH,1
34854,209297157,Sony 19' BRAVIA M-Series Silver LCD Flat Panel HDTV - KDL19M4000S,Sony BRAVIA M Series KDL-19M4000 19' LCD TV - kdl19m4000s,1,MATCH,1
33671,206917816,Nikon Coolpix S210 Plum 8.1 Megapixels Digital Camera - COOLPIXS210P,Nikon Coolpix S210 Digital Camera - Plum - 26103,1,MATCH,1
38831,206928608,Tripp-Lite Black 25 Foot SVGA HD15M To HD15M Computer Monitor Cable - P502025,Toshiba SD-6100 DVD Player,0,NO_MATCH,0
23246,90146847,Plantronics Voyager 510 Bluetooth Headset - Silver Finish - 496915,Plantronics Voyager 510 Bluetooth Earset,1,MATCH,1
35022,202139765,LG Over-The-Range Black Microwave Oven - LMV1680BK,Audiovox XMFM1 Switch Box,0,NO_MATCH,0
36021,208177785,Speck Clear 13' MacBook See Thru Hard Shell Case - MB13CLRSEEV2,Boston Acoustics Horizon Duo-i AM/FM Stereo Radio - HDUOIMDNT,0,NO_MATCH,0
34349,207660498,Samsung 37' Series 5 LCD Black Flat Panel HDTV - LN37A550,Samsung 5 Series LN37A550 37' LCD TV,1,MATCH,1
36299,208342524,Griffin Black iPhone 3G Wave Case - 8227IP2WVB,Griffin Protective Wave Case for Smart Phone - 8227-IP2WVB,1,MATCH,1
36824,209306028,Samsung 46' Series 9 LCD Black Flat Panel HDTV - LN46A950,Samsung 9 Series LN46A950 46' LCD TV,1,MATCH,1
25905,202479418,Lowepro Digital Camera Case In Black - EDIT100BK,"Lowepro Edit 100 Case for Camcorder - Nylon, MicroFiber - Black (Black)",1,MATCH,1
34836,207388759,Sony Picture Station Digital Photo Printer - DPPFP95,Panasonic Viera TH-46PZ80U 46' Plasma TV,0,NO_MATCH,0
17479,206808445,Weber Performer 22-1/2' Charcoal Grill - 841001,Canon FS100 Digital Camera - 2699B001,0,NO_MATCH,0
33831,50009858,Olympus Evolt-420 10 Megapixel Digital SLR Camera With 14-42mm Lens In Black - EVOLTE420KIT,PlayStation 2 Memory Card 8MB,0,NO_MATCH,0
30590,90138537,Panasonic 2 Line Integrated Corded Phone System - KXTSC14B,Panasonic KX-TSC14B Corded Telephone,1,MATCH,1
38208,207390506,Panasonic Blue 8.1 Megapixel Digital Camera - DMCFS3A,Denon S32 Network Ready Table-Top Stereo System - Deno_S-3289349,0,NO_MATCH,0
580,202812620,Bose Acoustimass 5 Series III Speaker System - AM53BK,Bose Acoustimass 5 Series III Speaker System - 21725,1,NO_MATCH,0
34962,209301534,LG LFX25971SB 24.7 Cu. Ft. Smooth Black French Door Bottom Freezer Refrigerator - LFX25971BK,4G Nano ToughSkin - Black - NN4-TS-BLK,0,NO_MATCH,0
35738,202900025,Samsung 7.1-Channel Blu-ray Home Theater System - HTBD2TXAA,Panasonic KX-FG2451 Plain Paper Thermal Transfer Fax/Copier - KX-FG2451,0,MATCH,1
30939,205557540,Canon Color Image Silver Scanner - 8800F,Canon CanonScan 8800F Flatbed Scanner - 2168B002,1,NO_MATCH,0
37202,209656959,Apple 8GB Green 4th Generation iPod Nano - MB745LLA,Apple 8GB iPod nano Green (4th Generation) - MB745LL/A,1,MATCH,1
27810,204563770,Sony Progressive Scan Black DVD Player - DVPNS57PB,Sony DVPNS57P DVD Player - DVPNS57PB,1,MATCH,1
35153,204791586,Weber Q 320 Liquid Propane Table And Outdoor Grill - 586002,Kenwood iPod Direct Cable - kcaip200,0,NO_MATCH,0
36172,205809367,Sony Active Style Headphones In Black - MDRAS50G,Sony HDMI Mini Cable - VMC30MHD,0,NO_MATCH,0
30343,205121310,Sony PSP 2000 Playstation Portable Gaming System Core 98510 In Piano Black - 711719851004,Sony PSP Core System (Piano Black) (Slim Model with AV Video Out Port) - 98510,1,MATCH,1
28180,202916534,Microsoft Office Home And Student 2007 For Windows Vista - 79G00007,Microsoft Office 2007 Home and Student - 79G-00007,1,MATCH,1
38831,206725964,Tripp-Lite Black 25 Foot SVGA HD15M To HD15M Computer Monitor Cable - P502025,Sony ADMSCF1 Sony Memory Stick Duo Adapter for CF,0,NO_MATCH,0
25814,208296017,Tech Craft Avalon Series TV Stand - SWP48,Samsung HT-X710 Bluetooth 400-Watt Home Theater System With iPod Dock,0,NO_MATCH,0
23325,202456903,TiVo Series2 Dual Tuner Digital Video Recorder - TCD649080,TiVo TCD649080 - Series2 Digital Video Recorder - Up to 80 Hours Capacity,1,MATCH,1
31970,207391023,Nikon D300 Digital SLR Digital Camera - D300BODY,Panasonic DMR-EZ48VK DVD/VCR Combo,0,NO_MATCH,0
33569,207388757,Panasonic VIERA 42' Plasma Flat Panel 1080p HDTV In Black - TH42PZ80U,"Panasonic TH-42PZ80U - 42' Widescreen 1080p Plasma HDTV - 1,000,000:1 Dynamic Contrast Ratio",1,MATCH,1
33985,208504045,Panasonic VIERA 50' 1080p Plasma HDTV In Black - TH50PZ850U,Panasonic Viera TH-50PZ850U 50' Plasma TV,1,MATCH,1
33985,206917816,Panasonic VIERA 50' 1080p Plasma HDTV In Black - TH50PZ850U,Nikon Coolpix S210 Digital Camera - Plum - 26103,0,NO_MATCH,0
37872,210190818,Apple MacBook 2.4GHz Intel Core 2 Duo Silver Notebook Computer - MB467LLA,Apple MacBook Notebook - MB467LLA,1,MATCH,1
34770,208342520,Samsung 52' Series 7 Black Flat Panel LCD HDTV - LN52A750,Griffin Elan Form for iPhone 3G - 8223-IP2EFRMB,0,NO_MATCH,0
36607,204363358,Denon 7.1 Channel AV Receiver With Network Client Compatible D-Dock Port In Black - AVR2809CI,SONY STEREO BLUETOOTH HEADSET *NIC* - TMRBT10/TMRBT10A,0,NO_MATCH,0
9646,203111113,Cuisinart Cordless Electric Kettle - KUA17,Cuisinart Cordless Automatic Electric Kettle,1,NO_MATCH,0
34901,208294715,Onkyo 7.1-Channel Home Theater Black Receiver - TXSR606B,Onkyo TXSR606 A/V Receiver,1,MATCH,1
36515,209687172,Panasonic Black Lumix 10.1 Megapixel Digital Camera - DMCFZ28K,Panasonic Lumix DMC-FZ28 Digital Camera - Black,1,MATCH,1
33443,205592435,Sony 60GB Handycam Hard Disk Drive Camcorder - DCRSR85,Sony LCS-TWA/R Cyber-shot Camera Case,0,NO_MATCH,0
36083,206362623,Canon Deluxe Grey Leather Case - 2349B001,Canon PSC-1000 Semi-Hard Leather Case - 2349B001,1,MATCH,1
33263,204219387,Alpine V-Power Series 4/3/2 Channel Power Amplifier - MRPF300,Garmin Suction Cup Mount - 010-10936-00,0,NO_MATCH,0
34125,205567912,Belkin Cush Top For Computer Laptop - F8N044ORG,Belkin Orange Cushtop,1,MATCH,1
30436,206419131,Olympus DS40 Digital Voice Recorder - DS40R,Nikon D300 Digital SLR Camera - 25432,0,NO_MATCH,0
38399,210479062,Canon 2GB SD Secure Digital Card - 3505B001,Simpletech 2GB SD Card - 3505B001AA,1,MATCH,1
38008,210227271,Sharp AQUOS 52' D85U Series Black LCD Flat Panel HDTV - LC52D85U,Sharp LC-52D85U - 52' Widescreen 1080p LCD HDTV - 120Hz - 4ms Response Time,1,MATCH,1
33478,208154550,Sony Gold Cyber-Shot Digital Camera - DSCW150N,Sony Cyber-shot DSC-W150 Digital Camera - Gold - DSCW150N,1,MATCH,1
25167,203340555,Denon Progressive Scan Universal DVD Player - DVD2930CI,Nikon 55-200mm f/4-5.6G ED AF-S DX Telephoto Zoom Lens - 55200MMLENS,0,NO_MATCH,0
33643,206808434,Toshiba Black 1080p Upconversion DVD Recorder/VCR Combinaton - DVR610,Canon VIXIA HF10 High Definition Digital Camcorder - 2573B001,0,NO_MATCH,0
38587,202845629,Canon Printer Color Ink Cartridge - CL211,Panasonic SDYD250 Automatic Bread Maker,0,NO_MATCH,0
33021,206746475,Electrolux Harmony Series Canister Vacuum - EL6985B,Nintendo DS Lite (Cobalt Blue and Black) - USGSBMKB,0,NO_MATCH,0
34424,90111702,Polk Audio 5.1 Channel Black Home Theater Speaker System - RM705BK,Sanus Euro Foundation Series III Speaker Stand - EFSATBKIII,0,NO_MATCH,0
25858,207642355,Garmin Nuvi 660 010-10747-03 Black 12 Volt Adapter Cable - 0101074703,Samsung HT-Z510 Home Theater System,0,NO_MATCH,0
29493,208455791,Netgear ProSafe 24-Port Smart Switch - GS724TP,Frigidarie GLD4355RF 24' Gallery Speed Clean Dishwasher (Black),0,NO_MATCH,0
16394,203111424,Danby Twin Tub Washer - DTT420WH,"Twin Tub DTT420 Washer (Top Loading, 10 Lbs.)",1,MATCH,1
29880,208893656,Haier 20' ATSC Color Tube Television - HTR20,SB-900 AF SPEEDLIGHT W/-STND DIFFSN DOME FLT SET - 4807,0,NO_MATCH,0
22242,206888011,Cuisinart Programmable Coffeemaker - Stainless Steel Finish - DCC2000,"Weber Cast Iron Griddle for Genesis B,C, 1000 - 5500 & Spirit E & S 300 Series",0,NO_MATCH,0
31970,206419131,Nikon D300 Digital SLR Digital Camera - D300BODY,Nikon D300 Digital SLR Camera - 25432,1,NO_MATCH,0
30158,207925431,LaCie 1TB FireWire 800/FireWire 400/USB 2.0 External Hard Drive - 301199U,Panasonic SC-PT660 Home Theater System,0,NO_MATCH,0
38697,208930717,Logitech Cordless Desktop MX 5500 Revolution Keyboard And Mouse Combination - 920000383,Nikon Coolpix S610 Digital Camera - Midnight Black - 26125,0,NO_MATCH,0
26310,203459314,Bose In-Ear Black Headphones - BOSEIE,Bose In-Ear Earphone - INEARHEADPHONES,1,NO_MATCH,0
11801,206722262,Escort Passport Radar And Laser Detector - Black Finish - 8500,Escort X50 Passport 8500 Radar Detector - High Intensity Red Display - 8500X50RED,1,MATCH,1
37589,209085184,BlueAnt Bluetooth Voice Control Headset - V1,BLUEANT BLUETOOTH HS DUAL MIC NIC - 091004,1,NO_MATCH,0
33863,205520997,Toshiba 22' LCD HDTV With Built In DVD Player In Black - 22LV505,Bracketron iPod Docking Kit,0,NO_MATCH,0
19631,205106045,Bose Second Zone Remote - PMC2,Sharp 1100 Watt Over the Counter Microwave,0,NO_MATCH,0
37110,206808430,Canon PowerShot Silver Digital Camera - SX110IS,Canon VIXIA HV30 High Definition Digital Camcorder - 2680B001,0,NO_MATCH,0
33161,206362747,Sony High Definition HDV Handycam Camcorder - HDRHC9,Polkaudio CSi A4 Black High Performance Center Channel Loudspeaker - AM4415-A,0,NO_MATCH,0
31273,203086857,Sony Universal Remote Commander Remote Control - RMV310,Sony Remote Control - RMV310,1,MATCH,1
33630,208114675,Toshiba Black 9-Inch LCD Widescreen Portable DVD Player - SDP91S,LG 25.0 Cu.Ft. Total Capacity,0,NO_MATCH,0
17906,204274644,Frigidaire Electric Dryer - FEQ1442WH,Frigidaire Electric Dryer - FEQ1442WH 5.8 Cubic Foot Super Capacity Drum,1,MATCH,1
29228,204793090,Sony Black Active Speaker System - SRSA212BK,Computer Speakers - SRSA212/BLK,1,MATCH,1
36367,208464207,Canon EOS Rebel XS Black Digital SLR Camera - XSREB1855B,Canon EOS Rebel XS Digital SLR Camera with EF-S 18-55mm 1:3.5-5.6 IS Lens - Black - 2762B003,1,NO_MATCH,0
29273,208117929,Kensington MicroSaver Keyed Notebook Lock - 64068F,LG 5.6 cu.ft. Freestanding Electric Range,0,NO_MATCH,0
18970,202045862,Panasonic Genius Countertop Microwave In Black - NNH965BK,Panasonic NN-H965BF Microwave Oven - Counter Top - 2.2ft - 1250W - Black,1,MATCH,1
33493,203154818,Canon PIXMA MX850 Multifunction Printer - MX850C,"Harmony EL6985A Vacuum (Canister, HEPA)",0,NO_MATCH,0
35519,208289950,BlueAnt Black Bluetooth Headset - Z9I,BlueAnt Wireless Z9i Bluetooth Headset - Black - US-091010,1,MATCH,1
20532,210252184,Belkin Pro Series 16 Ft.  USB 2.0 Cable - F3U13316,Escort 9500CI Escort GPS Radar Detector,0,NO_MATCH,0
35843,201935116,Canon EF-S 55-250mm f/4-5.6 IS Telephoto Zoom Lens - 2044B002,Logitech diNovo Media Desktop Laser - 967562-0403,0,NO_MATCH,0
22187,204587803,Nikon 18-200mm Nikkor Zoom Lens - Black Finish - 2159,Nikon 18-200mm 3.5-5.6 G ED DX AFS VR Zoom Wide Angle Nikkor Lens - Niko_215930348,1,NO_MATCH,0
29880,207986293,Haier 20' ATSC Color Tube Television - HTR20,Canon EOS Rebel XSi Digital SLR Camera - Silver - 2757B001,0,NO_MATCH,0
34096,10382243,Samsung 50' Black Flat Panel Series 4 Plasma HDTV - PN50A450,Sony High Definition Mini DV Cassette - DSL-190-B,0,NO_MATCH,0
33476,208504178,Sony Black Cyber-Shot Digital Camera - DSCW150B,Sony Cyber-shot DSC-W150 Digital Camera - Black - DSCW150/B,1,MATCH,1
33612,207506250,Panasonic 26' LCD HDTV In Black - TC26LX85,Panasonic VIERA TC-26LX85 26' LCD TV,1,MATCH,1
30533,205729817,Apple 1GB Silver iPod Shuffle - MB225LLA,Apple iPod Shuffle 1GB MP3 Player - MB226LL/A,1,NO_MATCH,0
38813,209301534,Speck ToughSkin Black Case For 4th Generation iPod Nano - NN4TSBLK,4G Nano ToughSkin - Black - NN4-TS-BLK,1,MATCH,1
34119,208410812,Sony Remote Control Tripod - VCT60AV,Nintendo DS Lite (Metallic Silver),0,NO_MATCH,0
33440,202486964,Yamaha NS-AW190BL All-Weather Pair Speaker System - NSAW190BK,GE Millennium TV Antenna - 24734,0,NO_MATCH,0
31373,207390180,Frigidaire GLD4355RFB Gallery SpeedClean 24' Black Dishwasher - GLD4355BK,polkaudio PSW Series PSW110 Powered Subwoofer,0,NO_MATCH,0
33276,205865183,Transcend 133X High-Speed 4GB Compact Flash Card - TS4GCF133,Transcend 4GB CompactFlash Card (133x) - TS4GCF133,1,MATCH,1
16000,208226457,Maytag Bisque Over-The-Range Microwave Oven - MMV4205BT,Maytag MMV4205BAQ Over-the-Range Microwave,1,MATCH,1
33277,206808445,Canon Silver Flash Memory Camcorder - FS100S,Canon FS100 Digital Camera - 2699B001,1,NO_MATCH,0
32488,206808445,Panasonic Black Expandable Digital Cordless Dect 6.0 Phone System - KXTG8232B,Canon FS100 Digital Camera - 2699B001,0,NO_MATCH,0
36097,208131008,Canon Deluxe Black Digital Camera Case - 2595B002,Canon PSC-85 Soft Camera Case - 2595B002,1,MATCH,1
27391,208710844,Kenwood KCA-IP300V iPod Video Direct Cable - KCAIP300V,"Samsung LN52A850 - 52' 1080P LCD HDTV - 50,000:1 Dynamic Contrast Ratio - 120Hz - 4ms Response Time - Super Slim 1.9' Thick!",0,NO_MATCH,0
30197,205593354,Denon 7.1 Channel Home Theater MultiMedia A/V Receiver With Networking In Black - AVR3808CI,Denon AVR-3808CI A/V Receiver - AVR3808CI,1,MATCH,1
37468,209310241,Canon PowerShot Black 10 Megapixel Digital Camera - SX10IS,Canon PowerShot SX10 IS Digital Camera - 2665B001,1,NO_MATCH,0
17596,90139261,Sanus 13' - 30' Flat Panel TV Black Wall Mount - VM1B,Sanus Flat Panel TV Wall Mount - VM1B,1,MATCH,1
34553,206746475,Sony Stereo Bluetooth Speaker - SRSBTM30,Nintendo DS Lite (Cobalt Blue and Black) - USGSBMKB,0,NO_MATCH,0
33452,207667994,Yamaha 7.2 Channel Black Digital Home Theater Receiver - RXV663BK,Yamaha RX-V663 Home Theater Receiver - RXV663BL,1,MATCH,1
30602,208111280,Panasonic Integrated Black Telephone System With All-Digital Answering System - KXTS620B,CORDED TELEPHONE - KEYPAD - SINGLE-LINE OPERATION - 2-WAY - LCD DISPLAY - BLACK - KX-TS620B,1,MATCH,1
29574,208270234,Panasonic NNSD767S Stainless Steel Countertop Microwave Oven - NNSD767SS,Bracketron Low-Pro Windshield Mount - SWM-400-BL,0,NO_MATCH,0
34751,206356233,Panasonic DECT 6.0 Black Expandable Digital Cordless Phone System - KXTG9372B,SIRIUS SLH2 SIRIUS? Stiletto 2 Portable Radio Home Kit,0,NO_MATCH,0
34624,207934191,Sony 7.1 Channel Black A/V Receiver - STRDG720,Sony STR-DG720 A/V Receiver - STRDG720,1,MATCH,1
33175,207542598,Sony Silver Cyber-Shot 7.2 Megapixel Digital Camera - DSCW120,Sony Cyber-shot DSC-W120 Digital Camera - Silver - DSCW120,1,MATCH,1
26930,203920144,Monster PS3 HDMI-2M Playstation 3 GameLink HDMI Digital Video/Audio Cable - PS3HDMI2M,Monster Cable GameLink HDMI Digital Video/Audio Cable for PlayStation 3 - 1 x HDMI - 6.56ft - PS3 HDMI-2M,1,MATCH,1
33467,208085175,Sony Silver Cyber-Shot Digital Camera - DSCS750,Pioneer Direct Control Cable - CD-IU230V,0,NO_MATCH,0
38644,208344063,Skullcandy CHOPS Headphones In Black Chrome - HH26SKC01,CHOPS HANGER - HEADPHONE - WIRED - EARBUDS - 18 - 20000 HZ - BLACK AND CHROME - HH26-SKC01,1,MATCH,1
15046,209891040,GE GSD4000NWW White Built-In Dishwasher - GSD4000WH,"TH-58PZ850U 58' Plasma TV (Widescreen, 1920x1080, 30,000:1, HDTV) - TH58PZ850U",0,NO_MATCH,0
28971,204679144,Altec Lansing inMotion iPod Portable Audio System - IM600USB,Altec Lansing inMotion iM600 Portable Audio Speaker System - IM600,1,MATCH,1
33564,208504187,Denon Blu-ray Disc DVD/CD Player - DVD3800BDCI,Sony BRAVIA KDL32XBR6 32' LCD TV,0,NO_MATCH,0
36270,208742932,Samsung 63' Black Flat Panel Series 6 Plasma HDTV - PN63A650,"Samsung PN63A650 - 63' Widescreen 1080p Plasma HDTV - 1,000,000:1 Dynamic Contrast Ratio - Touch of Color Design - PN63A650T",1,MATCH,1
35305,207637793,Panasonic 60GB Hard Drive Camcorder - SDRH60,Panasonic Palmcorder SDR-H60 Digital Camcorder - SDR-H60S,1,MATCH,1
38106,202026554,Canon Black EF 70-300mm F/4-5.6 IS USM Telephoto Zoom Lens - 0345B002,Canon EF 70-300mm f/4-5.6 IS USM Telephoto Zoom Lens - 0345B002,1,MATCH,1
7783,206888012,Panasonic 2-Line Integrated Telephone - KXTSC14W,Weber Premium Cover for Genesis Sivler A Grills & Spirit E-200 Series,0,NO_MATCH,0
38296,208791918,Case-Mate Carbon Fiber Black Leather Case For iPhone 3G - IPH3GCBCF,15' LCD HDTV/DVD Combo Black - 15LV505,0,NO_MATCH,0
33908,208111903,Panasonic Black Blu-ray Disc Theater Sound System - SCBT100,Panasonic SC-BT100 Home Theater System - SC-BT100P-K,1,MATCH,1
34904,201965217,Sony Black 13.6 Megapixel Cyber-Shot Digital Camera - DSCW300,Panasonic DVD-RAM Media - LM-AF30U3,0,NO_MATCH,0
34948,208114675,LG 25.0 Cu. Ft. Titanium French Door Bottom Freezer Refrigerator - LFC25770TT,LG 25.0 Cu.Ft. Total Capacity,1,NO_MATCH,0
10640,203024425,Denon Semi-Automatic Turntable - Black Finish - DP29F,Denon DP-29F Analog Record Turntable - DP29F,1,MATCH,1
28980,204559211,Panasonic Stainless Steel Luxury Full Size Countertop Microwave Oven - NNSD967SS,Panasonic 2.2 cu. ft. Stainless Steel Luxury Full Size Countertop Microwave Oven - NNSD967SS,1,MATCH,1
31414,204222915,Sanus 15' - 32' Flat Panel TV Black Wall Mount - MF209B1,Sanus MF209-B1 Full Motion Wall TV Mount,1,MATCH,1
33600,208715747,Panasonic VIERA 50' Plasma Flat Panel 1080p HDTV In Black - TH50PZ85U,Full Console Dishwasher with 4 Automatic Cycles - DU1055XTSB,0,NO_MATCH,0
33971,205888207,Panasonic Black 1080p Up-Conversion DVD Recorder - DMREA18K,Microsoft Office:mac 2008 Home and Student Edition - GZA-00006,0,NO_MATCH,0
29273,202070807,Kensington MicroSaver Keyed Notebook Lock - 64068F,Kensington MicroSaver Notebook Lock - 64068F,1,MATCH,1
34490,207656388,Samsung 37' Series 4 LCD Black Flat Panel HDTV - LN37A450,Samsung 4 Series LN37A450 37' LCD TV,1,MATCH,1
28978,204519849,Panasonic Stainless Steel Countertop Microwave Oven - NNSD377SS,Panasonic NN-SD377S 0.8 cu.ft. 800 WATT Microwave Oven,1,MATCH,1
37496,208156878,Nintendo DS Lite Onyx Black Portable Gaming System - NDSUSGSKB,LG 2.0 cu.ft. Over the Range Microwave Oven,0,NO_MATCH,0
35186,207390502,LG 24' LDF6920ST Fully Integrated Built In Stainless Steel Dishwasher - LDF6920SS,Sony HESV1000 Blu-ray Player/Recorder,0,NO_MATCH,0
32315,209934621,Uniden Dect 6.0 Accessory Handset  And Charging Cradle - DCX200,SONY IPOD/PHONE DOCK CLOCK RADIO BLACK NIC - ICFC1IPMK2WHI,0,NO_MATCH,0
33160,205844265,Sony 120GB High Definition Hard Disk Drive Handycam Camcorder - HDRSR12,Sony InfoLITHIUM D-Type NP-FD1 Digital Camera Battery - NPFD1,0,NO_MATCH,0
39088,207936135,Logitech Cordless Desktop Wave Keyboard And Mouse Combo - 920000264,Samsung DVD-1080P8 DVD Player,0,NO_MATCH,0
30594,204939361,Audiovox Commander MT XM Satellite Radio Receiver - XMRVRFM002,Audiovox Satellite Radio Tuner,1,NO_MATCH,0
29933,210256478,Audiovox Xpress XM Satellite Radio FM Direct Adapter - XMFM1,Sony BRAVIA VPL-HW10 Digital Projector - VPLHW10,0,NO_MATCH,0
36001,208504423,Sony 7.1 Channel Black AV Receiver - STRDG920,Sony STR-DG920 A/V Receiver - STRDG920,1,MATCH,1
26241,203347464,Whirlpool Cabrio WTW6400SW Top Loading White Washer - WTW6400SWH,Canon Mini DV Camcorder Starter Kit - 9582A008,0,NO_MATCH,0
37010,206362873,Onkyo Black Stereo Receiver - TX8255,Apple Mac mini Desktop - MB138LL/A,0,NO_MATCH,0
33664,205520997,Bracketron iPod Docking Kit - IPM202BL,Bracketron iPod Docking Kit,1,MATCH,1
35738,210435439,Samsung 7.1-Channel Blu-ray Home Theater System - HTBD2TXAA,Danby DDW497W Countertop Dishwasher,0,NO_MATCH,0
32431,206928744,Peerless 42' - 71'  Articulating Flat Panel TV Silver Dual Wall Arm Mount - PLAV70UNLPS,Canon PIXMA MX850 Multifunction Photo Printer - 2436B002,0,NO_MATCH,0
31887,210254965,Delonghi Coffee Maker In Black - DCF212T,Canon CLI-221 Color Ink 4-Pack (Black/ Cyan/ Magenta/ Yellow) - 2946B004,0,NO_MATCH,0
32314,207509842,Altec Lansing Orbit-MP3 Portable Audio System - IM207,Altec Lansing Orbit-MP3 Portable Audio System - IM207,1,MATCH,1
36029,208370418,Canon NB-5L Lithium Battery - 1135B001,3G iPhone Black ToughSkin - IPH3G-BLK-TS,0,NO_MATCH,0
38096,204292472,Toshiba 22' Black LCD HDTV - 22AV500U,Weber Genesis Series 3770001 60' Freestanding Gas Grill,0,NO_MATCH,0
33564,207390673,Denon Blu-ray Disc DVD/CD Player - DVD3800BDCI,Panasonic Lumix DMC-TZ5 Digital Camera - Black,0,NO_MATCH,0
17417,90120953,Sanus 13' - 30' VisionMount Flat Panel TV Silver Wall Mount - VMFS,Sanus Flat Panel TV Wall Mount - VMF,1,NO_MATCH,0
20458,209871973,Canon Cyan Photo Ink Cartridge - Cyan - CLI8PC,Sony DPFD80 Digital Photo Frame,0,NO_MATCH,0
22101,201953039,Canon Photo Ink Cartridge - CL52,Canon CL-52 Photo Ink Cartridge For PIXMA iP6210D and PIXMA iP6220D Printers - 0619B002,1,NO_MATCH,0
34361,207900175,Samsung Black DVD/VHS Combo Recorder - DVDVR375,Samsung LN19A450 19' LCD TV,0,NO_MATCH,0
38574,209656961,Sony BD/DVD Home Theater System - BDVIS1000,Apple iPod Classic 120GB Hard Drive Portable Media Player - MB565LL/A,0,NO_MATCH,0
34836,208653775,Sony Picture Station Digital Photo Printer - DPPFP95,Sony Picture Station Digital Photo Printer - DPPFP95,1,MATCH,1
37497,204791643,Nintendo DS Lite Metallic Silver Portable Gaming System - NDSUSGSVB,Kenwood iPod-Video Direct Adapter - KCAiP300V,0,NO_MATCH,0
32984,203934122,Peerless Flat Panel Display Mount Black Finish - SGLB01,Peerless SGLB01 Flat Panel TV Stand,1,MATCH,1
34905,202785722,Sony Black Camcorder Tripod - VCT80AV,Canon NB-5L Lithium-Ion Digital Camera Battery - 1135B001,0,NO_MATCH,0
37139,208893658,Olympus Stylus 1050 SW Black Digital Camera - STYLUS1050SWB,"Olympus Stylus 1050 SW 10 Megapixel Digital Camera w/ 3x optical zoom, 2.7' LCD, Waterproof, Shockproof & Freezeproof, Tap Control, & Face Detection - Black - 226455",1,NO_MATCH,0
27975,206928384,Belkin F3H982-25 Black 25 Ft Pro Series High Integrity VGA/SVGA Monitor Replacement Cable - F3H98225,Canon PowerShot SD1100 IS Digital ELPH Camera - Swing Silver - 2508B001,0,NO_MATCH,0
33220,207390682,Sony 9' Digital Photo Frame In Black - DPFV900,Sony LCS-X20 Camcorder Case - LCSX20,0,NO_MATCH,0
36808,204035273,Onkyo 7.1 Channel Home Theater Black Receiver - TXSR876B,Transcend 2GB microSD Card - TS2GUSD,0,NO_MATCH,0
32889,208085178,Pioneer Sirius Bus Interface - CDSB10,Pioneer Cd-sb10 Sirius Interface Cable - CD-SB10,1,MATCH,1
36172,207907535,Sony Active Style Headphones In Black - MDRAS50G,Sport Neckband Earbuds - MDR AS50G,1,MATCH,1
38129,208294904,Sharp AQUOS Black Blu-ray Disc Player - BDHP50U,Frigidaire FDB130RGS 24' Built-In Dishwasher (White),0,NO_MATCH,0
26695,202479417,Lowepro SlingShot 200 AW Digital Camera Back Pack - SLINGSHOT200AW,"Lowepro SlingShot 200 AW Camera Backpack - Backpack - MicroFiber, Ripstop Nylon - Black, Gray (Black)",1,MATCH,1
35388,208294724,Panasonic VIERA 46' Black Plasma Flat Panel 1080p HDTV - TH46PZ850U,Panasonic Viera TH-46PZ850U 46' Plasma TV - TH46PZ850U,1,MATCH,1
38096,207391434,Toshiba 22' Black LCD HDTV - 22AV500U,Toshiba 22AV500U 22' LCD TV,1,MATCH,1
38826,208190046,Cuisinart Exact Heat Matte Black Toaster Oven Broiler - TOB155,Canon SELPHY CP760 Dye Sublimation Printer - 2565B001,0,NO_MATCH,0
33669,206917815,Nikon CoolPix S550 10 Megapixel Black Digital Camera - COOLPIXS550GB,Nikon Coolpix S550 Digital Camera - Graphite Black - 26108,1,MATCH,1
28138,204327516,Sony NP-FH100 InfoLithium H Series Standard Rechargeable Battery Pack - NPFH100,Sony NP-FH100 Lithium Ion Camcorder Battery - NPFH100,1,MATCH,1
34091,207686156,Samsung 26' Black Flat Panel Series 4 LCD HDTV - LN26A450,Samsung 4 Series LN26A450 26' LCD TV,1,MATCH,1
33057,208033806,Pioneer Premier In-Dash CD/WMA/MP3/AAC Receiver - DEHP400UB,Pioneer DEHP400UB Car Audio Player,1,MATCH,1
36117,206901652,Griffin iPod RoadTrip With SmartScan - 4040RDTRPB,Griffin RoadTrip with SmartScan FM Transmitter - 4040-RDTRPB,1,MATCH,1
38466,206576716,Linksys Wireless-G Internet Home Monitoring Camera - WVC54GCA,Linksys Wireless-G Internet Video Camera - WVC54GCA,1,MATCH,1
20532,207506250,Belkin Pro Series 16 Ft.  USB 2.0 Cable - F3U13316,Panasonic VIERA TC-26LX85 26' LCD TV,0,NO_MATCH,0
31992,204219387,Transcend 4GB Secure Digital High-Capacity (SDHC) Class 6 Memory Card - TS4GSDHC6,Garmin Suction Cup Mount - 010-10936-00,0,NO_MATCH,0
32033,204465488,Jabra Black Bluetooth Headset - BT5010,GN Jabra BT5010 Wireless Earset,1,MATCH,1
25857,202870177,Garmin Nuvi 360 010-10723-06 Black 12 Volt Adapter Cable - 0101072306,Garmin Cigarette Lighter Adapter for GPS,1,MATCH,1
30196,205593367,Denon 7.1 Channel Home Theater MultiMedia A/V Receiver With Networking And WiFi - AVR4308CI,Denon AVR-4308CI A/V Receiver - AVR4308CI,1,MATCH,1
24921,207643190,Sony DSCH2 Soft Carrying Camera Case - Black Finish - LCSCSH,Canon PowerShot SD790 IS Digital Camera - 2554B001,0,NO_MATCH,0
32395,207643194,LG WM3988HWA 4.2 Cu Ft White Full Size SteamWasher And Dryer Combo - WM3988WH,Canon PowerShot SD890 IS Digital Camera - 2566B001,0,NO_MATCH,0
15452,90136420,Sony Stereo Audio Receiver - STRDE197,Sony STR-DE197 - AV Receiver - 100 Watts per Channel,1,MATCH,1
36309,208409785,iHome iPod & iPhone Clock Radio & Audio System - IP99BR,SDI Technologies IP99BR8 Clock Radio For iPod/iPhone,1,MATCH,1
33922,205466519,Panasonic Black DVD Home Theater Sound System - SCPT760,Logitech V470 Cordless Laser Mouse for Notebooks - 910-000298,0,NO_MATCH,0
33662,205521002,Bracketron Nav-Mat Portable GPS Dash Mount - UFM100BL,Bracketron Nav-Mat Portable GPS Dash Mount - UFM-100-BL,1,MATCH,1
34156,210521551,Transcend 4GB Micro Secure Digital Memory Card - TS4GUSDHC6,Maytag MDB7851AWB Full Console Dishwasher (Black),0,NO_MATCH,0
19604,203025446,Kenwood iPod Mobile Interface - KCAIP500,Kenwood KCA-IP500 iPod Interface/Controller - KCAIP500,1,MATCH,1
37052,209656955,Garmin Nuvi 265T GPS Navigation System - 0100057610,Apple 8GB iPod nano Blue (4th Generation) - MB732LL/A,0,NO_MATCH,0
24402,203897877,KitchenAid 5-Speed Blender - Red Finish - KSB560ER,KitchenAid 5-Speed Blender - Red Finish - KSB560ER,1,MATCH,1
20454,208890876,Canon Magenta Ink Tank - Magenta - CLI8M,"Panasonic HD 3MOS 60GB Hard Disk Drive/SD Hybrid Camcorder with Advanced Optical Image Stabilizer, Leica Lens, 12x Optical Zoom, 2.7' Wide LCD and Records to Internal Hard Drive and SD Card - HDC-HS100K",0,NO_MATCH,0
32488,206179525,Panasonic Black Expandable Digital Cordless Dect 6.0 Phone System - KXTG8232B,Panasonic KX-TG8232B Cordless Phone,1,MATCH,1
36023,202451162,Canon Battery Charger - 0763B001,Canon Canon CB-2LW Battery Charger - 0763B001,1,MATCH,1
33664,206812380,Bracketron iPod Docking Kit - IPM202BL,Sharp AQUOS LC37D44U 37' LCD TV - LC37D44U,0,NO_MATCH,0
28433,210402319,Sony MRW62E/S1/181 17-In-1 External USB Memory Card Reader - MRW62ES1181,Polk Audio I-Sonic ES2 Entertainment System 2 AM/FM and HD Table Radio - AM1195-A,0,NO_MATCH,0
35111,206928380,Peerless 37' - 60' Flat Panel TV Black Wall Mount  - ST660P,Canon PowerShot A590 IS Digital Camera - 2462B001,0,NO_MATCH,0
29612,203445879,Sharp Over The Counter White Microwave Oven - R1211WH,Monster Game 127961 GameLink(tm) 2M HDMI Digital Video/Audio Cable for PS3,0,NO_MATCH,0
29392,10315184,Audiovox 9' LCD Drop Down TV With Built-In DVD - VE927,Netgear ProSafe JFS516 Ethernet Switch,0,NO_MATCH,0
37150,208787116,Toshiba Black 15' LCD Flat Panel HDTV/DVD Combo - 15LV505,Dlo 004-0107 Hybridshell(tm) For Iphone(tm) 3g,0,NO_MATCH,0
26445,206928359,Nyko PlayStation 3 ChargeLink USB Charging Cable - 743840830009,Garmin Adjustable Vehicle Suction Cup - 010-10823-03,0,NO_MATCH,0
34309,208455893,Sony Bravia Wireless Home Theater System In Black - DAVHDX576WF,Sony BRAVIA DAV-HDX576WF Home Theater System,1,MATCH,1
33998,208112354,Sony BRAVIA Home Theater System - DAVHDX275,Sony BRAVIA DAV-HDX275 Home Theater System,1,MATCH,1
34962,205886768,LG LFX25971SB 24.7 Cu. Ft. Smooth Black French Door Bottom Freezer Refrigerator - LFX25971BK,PlayStation 3 Charging Dock for PS3 Wireless Controllers by Nyko - 83053,0,NO_MATCH,0
8060,90105056,Panasonic 2-Line Integrated Telephone System - KXTS208W,Panasonic KX-TS208W Corded Phone,1,MATCH,1
27091,202870171,LG TROMM WM2688HNM 4.2 Cu. Ft. Navy Blue Front Load Allergiene SteamWasher - WM2688HNBL,CHARGE YOUR UNIT WITH THIS AC ADAPTER CABLE. ALSO INCLUDES INTERNATIONAL ADAPTER - 010-10723-00,0,NO_MATCH,0
38474,210536123,Linksys Gigabit 5-Port Workgroup Switch - EG005W,Canon XH A1S - 3238B001,0,NO_MATCH,0
33026,204230770,Sanus 15' - 37' VisionMount Full-Motion Flat Panel TV Black Wall Mount - MF215B1,Sanus MF215-B1 Extending Full Motion Mount,1,MATCH,1
37477,90142591,Canon PowerShot Silver 14.7 Megapixel Digital Camera - SD990IS,Canon EF-S 17-85MM f/4-5.6 IS USM Standard Zoom Lens,0,NO_MATCH,0
33600,207388755,Panasonic VIERA 50' Plasma Flat Panel 1080p HDTV In Black - TH50PZ85U,Panasonic VIERA TH-50PZ85U 50' Plasma TV,1,MATCH,1
34065,202778315,Canon Silver 10 Megapixel PowerShot Digital Camera - SD890IS,Pioneer GEX-P920XM XM Digital Satellite Tuner - GEX-P920XM,0,NO_MATCH,0
34998,207686035,Samsung 50' Widescreen Plasma HDTV - PN50A650,TOMTOM ONE 130 Carry Bag - 9UEA.017.00,0,NO_MATCH,0
34723,207666380,Sony 1GB Memory Stick PRO Duo Mark 2 Media Card - MSMT1G,Sony 1GB Memory Stick PRO Duo Card - MSMT1G,1,MATCH,1
14715,208456199,Toshiba Rechargeable 5-Hour Battery Pack - MEDB05LX,Whirlpool WTW6400SW Cabrio 4.5 Cu Ft Capacity Washer (White),0,NO_MATCH,0
37078,210399915,LG 42' Glossy Piano Black LCD Flat Panel HDTV - 42LG30,LG 42LG30 42' LCD TV,1,MATCH,1
33765,208455897,Sony DVP-FX820 Pink 8' Portable DVD Player - DVPFX820P,Sony DVP-FX820/P Portable DVD Player - DVPFX820/P,1,MATCH,1
37623,210252184,Jabra Bluetooth Headset - BT2070,Escort 9500CI Escort GPS Radar Detector,0,NO_MATCH,0
38784,204222897,Sanus 30' - 50' Full-Motion Flat Panel TV Black Wall Mount - LRF118B1,Sanus LRF118-B1 Full Motion Wall TV Mount,1,MATCH,1
25111,203017912,Terk Mini Tuner Home Dock For XM Ready Home Products - Black Finish - CNP2000H,Audiovox CNP2000H XM Mini-Tuner Home Dock,1,MATCH,1
30841,205554287,Skagen Premium Steel Slimline Mesh Womens Watch - 233XSGG,233XSGG - Skagen,1,MATCH,1
32033,207659192,Jabra Black Bluetooth Headset - BT5010,Toshiba SD-P71S Portable DVD Player,0,NO_MATCH,0
17220,90141074,Panasonic 5-Pack DVD-RAM Discs - LMAF120LU5,Panasonic 3x DVD-RAM Media,1,NO_MATCH,0
23349,50009858,Sony PlayStation 2 8MB Memory Card - Black Finish - 711719702702,PlayStation 2 Memory Card 8MB,1,MATCH,1
26082,204274660,Whirlpool WED6400SB Cabrio Super Capacity Plus Electric Black Dryer - WED6400SBK,WED6400SB Cabrio Super Capacity Plus Electric Black Dryer,1,MATCH,1
38388,202870173,Canon Digital EOS Rebel XS Starter Kit - 9320A010,Garmin Leather GPS Case,0,NO_MATCH,0
28205,204419878,Panasonic KX-TG6702B 5.8 GHz FHSS GigaRange Expandable Black Cordless Phone System - KXTG6702B,Panasonic KX-TG6702B Cordless Telephone - KX-TG6702B,1,MATCH,1
20534,209114552,Pioneer Voice Command Pack - Black Finish - CDVC1,Canon PowerShot A1000 IS Digital Camera - Gray - 3210B001,0,NO_MATCH,0
30159,209208719,Alpine CD/MP3/WMA/AAC Receiver - CDA9887,Canon PIXMA MP980 Wireless All-in-One Color Photo Inkjet Printer - 2922B002,0,NO_MATCH,0
37293,206808432,Sony VAIO AW Series Titanium Grey Notebook Computer - VGNAW110JH,Canon DC320 Digital Camcorder - 2691B001,0,NO_MATCH,0
35231,208114686,LG LMX25981ST 24.7 Cu. Ft. Capacity Stainless Steel French Door Refrigerator - LMX25981SS,LG 25 Cu.Ft. Total Capacity 4 Door Refrigerator,1,NO_MATCH,0
33271,206808431,Canon Vixia High Definition Camcorder - HF100,Canon VIXIA HF100 High Definition Digital Camcorder - 2708B001,1,NO_MATCH,0
33566,208941079,Panasonic VIERA 50' Plasma Flat Panel HDTV In Black - TH50PX80U,Garmin nvi 755T Automobile Navigator - 010-00715-30,0,NO_MATCH,0
34661,209896693,Mitsubishi 735 Series 65' 1080p DLP Rear Projection Black HDTV - WD65735,Aliph Jawbone 2 Silver Bluetooth Headset - Retail - 84442VRP,0,NO_MATCH,0
38278,206725964,Sony Memory Stick PRO DUO Adapter For CompactFlash Slot - ADMSCF1,Sony ADMSCF1 Sony Memory Stick Duo Adapter for CF,1,MATCH,1
34126,10353206,Belkin Cush Top For Computer Laptop - F8N044SLV,Netgear ProSafe GS105 Ethernet Switch - GS105NA,0,NO_MATCH,0
37606,10353206,Netgear Prosafe 5 Port Gigabit Ethernet Desktop Switch - GS105NA,Netgear ProSafe GS105 Ethernet Switch - GS105NA,1,MATCH,1
37462,210442348,Toshiba 52' Regza Black Flat Panel LCD HDTV - 52RV535U,Sony BRAVIA XBR Series KDL-46XBR6 46' LCD TV - KDL46XBR6,0,NO_MATCH,0
33510,205516750,Monster Mini-To-Mini iCable For Car - AICMINIIP3S,Monster Cable iCable A IC MINI IP-3 S Audio Stereo Cable - 123870,1,NO_MATCH,0
7195,90105458,Sony Vertical-In-The-Ear Stereo Headphones - MDRJ10,Sony h.ear Stereo Earphones - MDRJ10/BLUE,1,MATCH,1
35277,208085253,Pioneer KURO 60' Black Plasma HDTV - PDP6020FD,Pioneer PDP-6020FD 60' Plasma TV,1,MATCH,1
36258,210399746,D-Link Broadband Cable Modem - DCM202,Canon EOS 5D Mark II Digital SLR Camera - 2764B003,0,NO_MATCH,0
33496,206160056,Canon Silver 8.0 Megapixel PowerShot Digital Camera - SD1100IS,Sony LCS-CSL Cyber-shot Camera Case,0,NO_MATCH,0
36033,208184891,Canon Black Leather Camera Case - 1588B001,Samsung YP-S2ZW 1GB Flash MP3 Player - YP-S2ZW/XAA,0,NO_MATCH,0
36962,207654105,Sanus Black Single-Column AV Component System - VF2012,Canon EOS Rebel XSi Digital SLR Camera with EF-S 18-55mm f/3.5-5.6 IS Lens - Silver - 2757B003,0,NO_MATCH,0
29827,206901613,LG Pearl Gray XL Capacity Electric Dryer - DLE5955G,15in Lcd/dvd Tv Combo - HLC15R,0,NO_MATCH,0
33377,205844282,Linksys Wireless-G Ethernet Bridge - WET54G,Sony LCS-CSJ Soft Camera Case - LCSCSJ,0,NO_MATCH,0
37495,206887905,Nintendo DS Lite Cobalt/Black Portable Gaming System - NDSUSGBMKB,Weber Q 320 Gas Grill,0,NO_MATCH,0
33522,207654106,Canon Black EOS Rebel XSi Digital SLR Camera - XSIREB1855,Canon EOS Rebel XSi Digital SLR Camera with EF-S 18-55mm f/3.5-5.6 IS Lens - Black - 2756B003,1,NO_MATCH,0
35485,203142438,Haier 15' Black Flat Panel LCD HDTV DVD Combo - HLC15R,Sony 17-in-1 External USB Memory Card Reader And Writer - MRW62E/S1/181,0,NO_MATCH,0
36197,207925440,Griffin iPhone SmartTalk - 3016SMRTLKB,Griffin SmartTalk Headphone Adapter with Control and Mic for iPhone - 3016-SMRTLKB,1,MATCH,1
34959,204559213,Plantronics .Audio 920 Bluetooth Headset - AUDIO920,Panasonic NNSN667B 1.2 cu. ft. Countertop Microwave Oven In Black,0,NO_MATCH,0
37208,209656950,Apple 120GB Silver 7th Generation iPod Classic - MB562LLA,Apple iPod Classic 120GB Hard Drive Portable Media Player - MB562LL/A,1,MATCH,1
18524,90145909,Weber Performer 22-1/2' Charcoal Grill - 848001,Weber 848001 Performer 22.5' Charcoal Grill in Dark Blue,1,MATCH,1
33801,207544265,Kenwood 6.1' All-In-One Double-Din In-Dash Navigation - DNX5120,DNX5120 All-in-One Navigation/DVD Entertainment System,1,MATCH,1
22306,202291459,Sanus Center Channel Speaker Mount - Black Finish - VMCC1B,Sanus Center Channel Speaker Mount - VMCC1B,1,MATCH,1
35905,208294698,BlueAnt Supertooth Light Bluetooth Handsfree In Black - SUPERTOOTH,Sony BRAVIA M Series KDL-26M4000 26' LCD TV - KDL26M4000,0,NO_MATCH,0
38108,210462233,Olympus Black 10 Megapixels Digital Camera - SP565UZ,Sony VAIO LV140J Desktop - VGC-LV140J,0,NO_MATCH,0
35872,207937885,Sharp Plasmacluster Air Purifier - KCC100U,Sharp Air Purifier 194 CFM Max - KC-C100U,1,MATCH,1
34392,208342524,Polk Audio CSI A4 Black Center Channel Loudspeaker - CSIA4BK,Griffin Protective Wave Case for Smart Phone - 8227-IP2WVB,0,NO_MATCH,0
36077,207667994,Samsung 19' Black Flat Panel Series 6 LCD HDTV - LN19A650,Yamaha RX-V663 Home Theater Receiver - RXV663BL,0,NO_MATCH,0
29866,205664973,LG WM2455HG 4.2 Cu Ft Pearl Gray Front Load Washer - WM2455G,LG 4.0 cu. ft. Capacity Front Load Washer w/ Sanitary cycle,1,NO_MATCH,0
37878,210258465,Apple MacBook Pro 2.53GHz Intel Core 2 Duo Silver Notebook Computer - MB471LLA,Apple MacBook Pro Notebook - MB471LL/A,1,MATCH,1
23635,202900002,Panasonic Network Camera - White Finish - BLC1A,Panasonic BL-C1A Network Camera,1,MATCH,1
19358,206812380,Sennheiser RF Wireless Headphones - RS140,Sharp AQUOS LC37D44U 37' LCD TV - LC37D44U,0,NO_MATCH,0
9071,203024998,Sony 400 Disc MegaStorage CD Changer - CDPCX455,Sony CDP-CX455 CD Player/Changer - CDPCX455,1,MATCH,1
34136,207900171,Samsung 61' Black DLP Projection HDTV - HL61A650,Samsung 6 Series HL61A650 61' Projection TV,1,MATCH,1
33922,208410812,Panasonic Black DVD Home Theater Sound System - SCPT760,Nintendo DS Lite (Metallic Silver),0,NO_MATCH,0
32027,209026634,Panasonic 27' Stainless Steel Microwave Trim Kit - TK903SS,Toshiba 42RV535U - 42' Widescreen 1080p LCD HDTV w/ Cinespeed - Piano Black,0,NO_MATCH,0
36383,208226699,Speck SeeThru Orange Hard Shell Case For 13' MacBook - MB13ORGSEEV2,Speck Products SeeThru Case for Apple 13' MacBook - MB13-ORG-SEE-V2,1,MATCH,1
23350,205557530,Sony PlayStation 2 8MB Memory Card (2 Pack) - Red/Blue Finish - 711719706700,Canon PIXMA MX310 Multifunction Photo Printer - 2184B002,0,NO_MATCH,0
36308,209000385,iHome iPod & iPhone Bluetooth Alarm Clock Radio System - IP47,iHome IP47BR Bluetooth Clock Radio & Speakerphone for iPhone & iPod - iP47BR,1,NO_MATCH,0
6493,203017999,Denon Stereo Tuner - TU1500RD,Denon TU-1500RD Stereo Radio Tuner - TU1500RD,1,MATCH,1
35925,202592699,Directed 50ft Extension Cable - 14230,Directed Electronics Antenna Extension Cable - 14230,1,MATCH,1
33630,207659194,Toshiba Black 9-Inch LCD Widescreen Portable DVD Player - SDP91S,Toshiba SD-P91S Portable DVD Player,1,MATCH,1
34926,204295637,LG Black Freestanding Electric Range - LRE30757BK,Audiovox VE927 9' TV/DVD Combo,0,NO_MATCH,0
22306,201953025,Sanus Center Channel Speaker Mount - Black Finish - VMCC1B,Canon CLI-8PM Photo Magenta Ink Cartridge - 0625B002,0,NO_MATCH,0
33477,202070807,Sony Red Cyber-Shot Digital Camera - DSCW150R,Kensington MicroSaver Notebook Lock - 64068F,0,NO_MATCH,0
20461,208186248,Canon Yellow Ink Cartridge - Yellow - CLI8Y,Onkyo CS-325 Stereo CD Receiver Mini Audio System,0,NO_MATCH,0
38343,210401458,Panasonic DECT 6.0 Pearl Silver Expandable Digital Cordless Phone System - KXTG6313S,Apple iPod nano Armband - MB769G/A,0,NO_MATCH,0
36909,208186248,Olympus Silver 8 Megapixel Digital Camera - FE370S,Onkyo CS-325 Stereo CD Receiver Mini Audio System,0,NO_MATCH,0
36161,205985717,Flip Video F360 White Mino Series Camcorder - F360W,LGs New Electric SteamDryer,0,NO_MATCH,0
30355,90114398,Yamaha Mounting Installation Bracket - SPMK30,Panasonic KX-TCA86 Headset,0,NO_MATCH,0
37231,208114664,Yamaha YAS-71 Black Front Surround System - YAS71BK,LG 22 Cu.Ft. Total Capacity,0,NO_MATCH,0
30680,208504461,Sony Home Entertainment Server In Black - HESV1000,Klipsch KS7502THX (Each) - KS-7502-THX,0,NO_MATCH,0
35010,207643194,LG 30' White Freestanding Gas Range - LRG30357WH,Canon PowerShot SD890 IS Digital Camera - 2566B001,0,NO_MATCH,0
37110,210227261,Canon PowerShot Silver Digital Camera - SX110IS,Sharp AQUOS BD-HP50U Blu-ray Disc Player,0,NO_MATCH,0
37150,208791918,Toshiba Black 15' LCD Flat Panel HDTV/DVD Combo - 15LV505,15' LCD HDTV/DVD Combo Black - 15LV505,1,MATCH,1
33496,206928384,Canon Silver 8.0 Megapixel PowerShot Digital Camera - SD1100IS,Canon PowerShot SD1100 IS Digital ELPH Camera - Swing Silver - 2508B001,1,MATCH,1
34548,208114670,Sony White Earbud Style Headphones - MDREX55WH,LG 22.6 Cu.Ft. Total Capacity,0,NO_MATCH,0
38001,209871973,Sony 8' Black LCD Digital Photo Frame - DPFD80,Sony DPFD80 Digital Photo Frame,1,MATCH,1
17872,90145561,Sanus 15' - 40' Flat Panel TV Silver Wall Mount - VM400S,Sanus Flat Panel TV Wall Mount - VM400S,1,MATCH,1
24648,203491687,Waring Professional Cool-Touch Deep Fryer - Black/Stainless Steel Finish - DF100,Waring Pro Deep Fryer 3qt -Black,1,MATCH,1
36811,207543188,Nikon Pink 10 Megapixel COOLPIX Digital Camera - COOLPIXS60PNK,Panasonic KX-TG9361B Expandable Digital Cordless Phone,0,NO_MATCH,0
39054,208893667,OmniMount 37' - 63' Ultra Low Profile Series Large Flat Panel TV Black Mount - ULPTLBK,Canon PIXMA MP480 Color Inkjet All-In-One Photo Printer - 2918B002,0,NO_MATCH,0
37623,208809705,Jabra Bluetooth Headset - BT2070,Jabra BT2070 Bluetooth Headset - 100-92070000-02,1,MATCH,1
35186,208117919,LG 24' LDF6920ST Fully Integrated Built In Stainless Steel Dishwasher - LDF6920SS,"LG LDF6920ST Fully Integrated Dishwasher with 5 Wash Cycles, 3 Spray Arms, SenseClean System, Delay Start, Food Disposer and Self-Clean Filter: Stainless Steel",1,MATCH,1
37287,208937533,Toshiba 32' Black LCD Flat Panel HDTV - 32AV502U,Toshiba 32AV502 - 31.5' Widescreen 720p LCD HDTV w/ Cinespeed - Piano Black - 32av502u,1,MATCH,1
35183,208117920,LG 24' LDF6920WW Fully Integrated Built In White Dishwasher - LDF6920WH,LG Dishwasher,1,NO_MATCH,0
34280,204679144,Samsung 22' Black Flat Panel LCD HDTV - LN22A450,Altec Lansing inMotion iM600 Portable Audio Speaker System - IM600,0,NO_MATCH,0
38773,210441166,Sony Black HD Radio With Dock For iPod And iPhone - XDRS10HDIP,Sony XDR-S10HDiP Clock Radio with iPod Dock - XDRS10HDIP,1,MATCH,1
33965,202537962,Logitech Harmony One Advanced Universal Remote Control - HARMONY1,Panasonic KX-TG4500B Corded/Cordless Telephone,0,NO_MATCH,0
28225,205592439,Sony LCS-TWA/B Black Soft Leather Carrying Case - LCSTWAB,Sony LCS-TWA/B Cyber-shot Camera Case - LCSTWA/B,1,MATCH,1
34963,208114682,LG LFX25971ST 24.7 Cu. Ft. Stainless Steel French Door Bottom Freezer Refrigerator - LFX25971SS,LG 24.7 cu. ft. Stainless Steel French Door Bottom Mount Refrigerator,1,MATCH,1
26930,10376165,Monster PS3 HDMI-2M Playstation 3 GameLink HDMI Digital Video/Audio Cable - PS3HDMI2M,D-Link Express EtherNetwork High-Speed DOCSIS 2.0 Cable Modem - DCM-202,0,NO_MATCH,0
16668,209114551,Omnimount TV Top Shelf Mount - CCH1P,Canon PowerShot SX110 IS Digital Camera - Silver - 2666B001,0,NO_MATCH,0
37354,207390184,Panasonic Rechargeable Lithium-Ion 1320 mAh Battery Pack - VWVBG130,Panasonic Lithium Ion Camcorder Battery - VW-VBG130,1,MATCH,1
30602,207895085,Panasonic Integrated Black Telephone System With All-Digital Answering System - KXTS620B,TomTom ONE 130 S Portable GPS System w/ Preloaded Maps - 1EE0.052.02,0,NO_MATCH,0
34102,204345240,Nyko Charge Base 2 Charger For PlayStation 3 Controller - 743840830535,PANASONIC 2GB SD CARD PROHISPD 20 MB/SEC - RP-SDV02GU1A,0,NO_MATCH,0
34476,206888012,Weber Premium Black Grill Cover - 7550,Weber Premium Cover for Genesis Sivler A Grills & Spirit E-200 Series,1,NO_MATCH,0
19676,205761530,Sanus 32' - 84' Flat Panel TV Black Tilting Wall Mount - VMPL3B,Klipsch RoomGroove Wireless iPod Speaker System - 1006602,0,NO_MATCH,0
27783,202293522,Sony VAIO VGP-PRSZ1 SZ Series Docking Station - VGPPRSZ1,Sony VAIO SZ Series Docking Station - VGPPRSZ1,1,MATCH,1
37123,208226700,Canon PowerShot A1000 IS Gray Digital Camera - A1000ISG,Speck Products SeeThru Case for Apple 13' MacBook - MB13-AQU-SEE-V2,0,NO_MATCH,0
37207,209656962,Apple 8GB Black 4th Generation iPod Nano - MB754LLA,Apple 8GB iPod nano Black (4th Generation) - MB754LL/A,1,MATCH,1
9314,201700823,Panasonic Hands Free Headset  - KXTCA92,Netgear ProSafe FS116P Ethernet Switch - FS116PNA,0,NO_MATCH,0
33024,90049752,Sennheiser Rechargeable Nickel-Metal Hydride Battery - BA151,Sennheiser Nickel metal hydride Battery for Headsets - BA-151,1,MATCH,1
33536,203142438,Elgato TV Receiver And Video Converter For Analog & Digital TV - 10020780,Sony 17-in-1 External USB Memory Card Reader And Writer - MRW62E/S1/181,0,NO_MATCH,0
29825,206901652,LG DLE3733W White XL Capacity Electric Dryer - DLE3733WH,Griffin RoadTrip with SmartScan FM Transmitter - 4040-RDTRPB,0,NO_MATCH,0
35748,210399915,Danby White Countertop Dishwasher - DDW497WH,LG 42LG30 42' LCD TV,0,NO_MATCH,0
33439,206808441,Yamaha NS-AW390BL All-Weather Pair Speaker System - NSAW390BK,Canon FS11 Digital Camcorder - 2685B001,0,NO_MATCH,0
31970,206812505,Nikon D300 Digital SLR Digital Camera - D300BODY,Toshiba SD-4100 DVD Player,0,NO_MATCH,0
34009,210399915,Samsung 46' Series 6 LCD Black Flat Panel HDTV - LN46A650,LG 42LG30 42' LCD TV,0,NO_MATCH,0
32055,210206538,Twenty20 VholdR Wearable Camcorder Bundle - 1102,VholdR Wearable Camcorder (Black) - 1102,1,MATCH,1
34126,10412590,Belkin Cush Top For Computer Laptop - F8N044SLV,Netgear RangeMax WPN802 Wireless Access Point - WPN802NA,0,NO_MATCH,0
33726,207993409,Boston Acoustics Solo AM/FM Large Display Clock Radio - HSOLOMDNT,Boston Acoustics Horizon Solo AM/FM Radio - HSOLOMNDT,1,MATCH,1
14033,90105156,Garmin Deluxe Carrying Case - Black Finish - 0101023101,Garmin Canvas Deluxe Carry Case - 010-10231-01,1,MATCH,1
28350,204206935,Panasonic Silver Dect 6.0 Cordless Telephone - KXTG1033S,Panasonic KX-TG1033S Digital Cordless Phone with Three Handsets,1,MATCH,1
37120,205838157,Canon PowerShot Black Digital Camera - SX110ISB,Canon PSC-85 Deluxe Soft Case for the Powershot-A650 IS and A720 IS - 2595B002(AA),0,NO_MATCH,0
33298,208504179,SIRIUS SiriusConnect Vehicle Kit In Black - SCVDOC1,Denon DVD-3800BDCI Blu-ray Disc Player - DVD3800BDCI,0,NO_MATCH,0
33177,207390617,Sony Pink Cyber-Shot 7.2 Megapixel Digital Camera - DSCW120P,Sony Cyber-shot DSC-W120 Digital Camera - Pink - DSCW120/P,1,MATCH,1
34904,205599985,Sony Black 13.6 Megapixel Cyber-Shot Digital Camera - DSCW300,Canon EOS 40D Digital SLR Camera with EF 28-135mm f/3.5-5.6 IS USM Lens - 1901B017,0,NO_MATCH,0
33601,202870170,TomTom GPS Mount And USB Car Charger - 9S00006,Garmin GA 25MCX Low Profile Remote GPS Antenna - 010-10702-00,0,NO_MATCH,0
33639,206928608,Toshiba Black 1080p Upconversion DVD Player - SD6100,Toshiba SD-6100 DVD Player,1,MATCH,1
34728,206888001,Sony 16GB Memory Stick PRO Duo Mark 2 Media Card - MSMT16G,Weber Cast Iron Griddle for Genesis Silver As and Spirit 500s & Spirit 200 Series,0,NO_MATCH,0
32279,207390452,LG DLEX7177WM White XL Capacity Electric SteamDryer - DLEX7177WH,Polk Audio RM705 Black 5.1 Channel Home Theater System - RM 705,0,NO_MATCH,0
32579,10388980,Netgear Wireless Access Point - WG102,Netgear ProSafe WG102 Wireless Access Point 802.11g - WG102NA,1,MATCH,1
19141,209208547,Sanus Universal Projector Ceiling Mount -  Black Finish - VMPR1B,Sony VAIO JS All-in-One Desktop - VGCJS130J/B,0,NO_MATCH,0
33938,208295050,Weber Summit E-620 Copper Liquid Propane Gas Outdoor Grill - 1752001,ALPINE CDA-9886 Car Audio Player - CDA9886,0,NO_MATCH,0
33443,207390652,Sony 60GB Handycam Hard Disk Drive Camcorder - DCRSR85,Sony Handycam DCR-SR85 Digital Camcorder - DCRSR85,1,MATCH,1
31284,204049534,Omnimount 42' - 63' Wishbone Cantilever Extra Large Flat Panel TV Silver Wall Mount - UCLXB,OmniMount Wishbone Large/X-Large Premium Cantilever Mount and Universal Adapter - UCL-XB,1,MATCH,1
17191,202041195,Universal IR/RF Aeros Remote Control- MX850 - MX850,Universal Aeros IR/RF Remote Control - MX850,1,MATCH,1
25788,203396327,Nikon 70-300mm f/4.5-5.6G ED-IF AF-S VR Zoom-Nikkor Lens - 2161,Nikon Nikkor 70-300mm f/4.5-5.6G ED-IF AF-S VR Telephoto Zoom Lens - 2161,1,MATCH,1
38550,201935116,Samsung 2.1 Channel Bluetooth Home Theater System - HTX710T,Logitech diNovo Media Desktop Laser - 967562-0403,0,NO_MATCH,0
33562,207542597,Sony Cyber-Shot Black Digital Camera - DSCH10B,Sony Cyber-shot DSC-H10 Digital Camera - Black - DSCH10/B,1,MATCH,1
38003,209656955,Sony 10' Black LCD Digital Photo Frame - DPFD100,Apple 8GB iPod nano Blue (4th Generation) - MB732LL/A,0,NO_MATCH,0
30951,205599984,Canon EOS 40D Digital SLR Camera In Black - EOS40DBODY,Canon EOS 40D Digital SLR Camera - 1901B004,1,NO_MATCH,0
38329,10363070,Panasonic Black Hi-Definition Camcorder Starter Kit - VBGVBB1STRKIT,Logitech Driving Force Pro for PlayStation 2 - 963293-0403,0,NO_MATCH,0
34378,202870174,Polk Audio I-Sonic ES2 - ISONIC,Garmin Vehicle Suction Cup mount,0,NO_MATCH,0
34728,207534895,Sony 16GB Memory Stick PRO Duo Mark 2 Media Card - MSMT16G,Sony 16GB Memory Stick PRO Duo Card (Mark 2) - MSMT16G,1,MATCH,1
26563,202125720,Sony Digital Photo Printer Paper 120 Pack - SVMF120P,Sony Ribbon and Paper with Snap-Off Edges For DPP-FP50 Digital Photo Printer - SVMF120P,1,MATCH,1
25036,202502745,LEGO Star Wars II: The Original Trilogy Video Game For The Sony PSP - 023272329396,Lego Star Wars 2: The Original Trilogy,1,NO_MATCH,0
36142,207652056,Sony Bud Style Headphones In Silver - MDRED12LPSLV,Samsung LN46A550 46' LCD TV,0,NO_MATCH,0
29392,203022472,Audiovox 9' LCD Drop Down TV With Built-In DVD - VE927,Sony SCD-CE595 CD Player - SCDCE595,0,NO_MATCH,0
33490,207502093,Nikon D60 Digital Camera With 18-55MM Lens - D60OUTFIT,Nikon D60 Digital SLR Camera with AF-S DX Nikkor 18-55mm f/3.5-5.6G VR Lens - 25438,1,NO_MATCH,0
34218,208294712,LG 37' Black LCD Flat Panel HDTV - 37LG50,LG 37LG50 - 37' Widescreen 1080p LCD HDTV - 15000:1 Dynamic Contrast Ratio - 5ms Response Time,1,MATCH,1
32906,208464207,Sirius Dock And Play Universal Vehicle Kit - SUPV1,Canon EOS Rebel XS Digital SLR Camera with EF-S 18-55mm 1:3.5-5.6 IS Lens - Black - 2762B003,0,NO_MATCH,0
38468,210435432,Danby Silhouette 60 Cans Beverage Center - DBC2760BLS,Danby DBC2760BLS 5.0 cu.ft beverage center / 27 bottle wine cooler,1,MATCH,1
25855,203884610,Garmin Nuvi 360 010-10815-00 Black Replacement Vehicle Suction Cup Mount - 0101081500,Directed Electronics SCH1 SiriusConnect Home Tuner,0,NO_MATCH,0
29339,207388760,Panasonic Silver Rice Cooker/Warmer - SRTMB10,Panasonic Viera TH-42PX80U 42' Plasma TV,0,NO_MATCH,0
26615,203329569,Logitech Harmony 1000 Silver Touch Screen Remote Control - H1000,Logitech Harmony 1000 Advanced Universal Remote Control - 966230-0403,1,NO_MATCH,0
37856,210252385,Canon Black Leather Case - 3528B001,Canon PSC-4000 Deluxe Leather Case N - 3528B001,1,MATCH,1
38733,208226694,Kensington Mini Battery Pack And Charger For iPhone And iPod - K33442US,Speck Products SeeThru Case for Apple 13' MacBook - MB13-RED-SEE-V2,0,NO_MATCH,0
34998,208294727,Samsung 50' Widescreen Plasma HDTV - PN50A650,Sony Cyber-shot DSC-W150 Digital Camera - Silver - DSCW150,0,NO_MATCH,0
34401,207660497,Whirlpool Cabrio Diamond Dust Top Loading Washer - WTW6700TU,Samsung LN40A650 40' LCD TV,0,NO_MATCH,0
30058,209028436,Electrolux Pronto 2 In 1 Lightweight Upright Vacuum - EL1000B,ELECTROLUX STICK VACUUM REPLACES EL1000A,1,NO_MATCH,0
38777,204587960,Nikon Black COOLPIX S210 Li-Ion Rechargeable Battery - ENEL10,Nikon EN-EL10 No-Mem Lithium-Ion Camera Battery - 25752,1,MATCH,1
37877,203388612,Apple MacBook Pro 2.4GHz Intel Core 2 Duo Silver Notebook Computer - MB470LLA,Directed Electronics Starmate 4 Sirius Satellite Radio Receiver - ST4TK1,0,NO_MATCH,0
34424,207390452,Polk Audio 5.1 Channel Black Home Theater Speaker System - RM705BK,Polk Audio RM705 Black 5.1 Channel Home Theater System - RM 705,1,MATCH,1
34557,207907559,Sony Black Earbud Style Headphones - MDREX55BK,Ex Series Earbuds Black - MDR EX55/BLK,1,MATCH,1
36305,209208661,Linksys Wireless-N Security Router - WRVS4400N,Samsung 9 Series LN55A950 55' LCD TV,0,NO_MATCH,0
8552,90138609,Sony 300 Disc CD Changer - CDPCX355,Sony CDP-CX355 300 Disc MegaStorage CD Changer,1,MATCH,1
24789,203017911,Terk Mini Tuner Cartridge For XM Ready Home Products - CNP2000,Audiovox CNP2000 XM Mini-Tuner,1,MATCH,1
34153,208344063,Panasonic Silver Lumix Wide Angle Lens Digital Camera - DMCTZ5S,CHOPS HANGER - HEADPHONE - WIRED - EARBUDS - 18 - 20000 HZ - BLACK AND CHROME - HH26-SKC01,0,NO_MATCH,0
27501,210227261,Sirius FMDA25 Wired FM Modulation Relay - FMDA25,Sharp AQUOS BD-HP50U Blu-ray Disc Player,0,NO_MATCH,0
20448,10377226,Sony VAIO Neoprene Laptop Carrying Case - Black Finish - VGPAMC3,Sony Notebook and AC Adapter Cases - VGPAMC3,1,MATCH,1
37934,208710844,Samsung 52' Series 8 LCD Black Flat Panel HDTV - LN52A850,"Samsung LN52A850 - 52' 1080P LCD HDTV - 50,000:1 Dynamic Contrast Ratio - 120Hz - 4ms Response Time - Super Slim 1.9' Thick!",1,MATCH,1
35011,208117936,LG 30' Black Freestanding Gas Range - LRG30357BK,LG 5.0 cu.ft. Freestanding Gas Range,1,NO_MATCH,0
37421,207536226,AT&T Aliph Jawbone II Silver Bluetooth Headset - JAWBONE2S,Garmin nvi 205W Automobile Navigator - 010-00718-40,0,NO_MATCH,0
33275,206808430,Canon Vixia High Definition Camcorder - HV30,Canon VIXIA HV30 High Definition Digital Camcorder - 2680B001,1,NO_MATCH,0
34056,90128026,Canon Silver 10 Megapixel PowerShot Digital Camera - SD790IS,Sony Mini DVD-R Media - 3DMR30L1H,0,NO_MATCH,0
17479,90145972,Weber Performer 22-1/2' Charcoal Grill - 841001,Weber 841001 Performer 22.5' Charcoal Grill in Black,1,MATCH,1
37201,209656971,Apple 16GB Green 4th Generation iPod Nano - MB913LLA,Apple iPod nano 16GB Flash Portable Media Player - MB913LL/A,1,MATCH,1
18837,207667994,Cuisinart Countertop Griddler - GR4,Yamaha RX-V663 Home Theater Receiver - RXV663BL,0,NO_MATCH,0
36365,90141687,Speck SeeThru Pink Hard Shell Case For 13' MacBook - MB13PNKSEEV2,Canon CB-2LV Battery Charger - 9764A001,0,NO_MATCH,0
28500,203445749,Sony MS-A1GD 1GB Memory Stick Micro (M2) - MSA1GD,Sony 1GB Memory Stick Micro (M2) Card - MSA1GD,1,MATCH,1
33863,207391013,Toshiba 22' LCD HDTV With Built In DVD Player In Black - 22LV505,Toshiba 22LV505 - 22' Widescreen LCD HDTV w/ Built-in DVD Player - 1000:1 Contrast Ratio - 5ms Response Time - Black,1,MATCH,1
36308,209297200,iHome iPod & iPhone Bluetooth Alarm Clock Radio System - IP47,GE GSD4000NWW Dishwasher with 5 Wash Cycles STD TUB ESTAR ( White) - gsd4000nww,0,NO_MATCH,0
31992,207935920,Transcend 4GB Secure Digital High-Capacity (SDHC) Class 6 Memory Card - TS4GSDHC6,Panasonic KX-TG6313S Cordless Phone,0,NO_MATCH,0
37196,205521002,Apple 8GB Pink 4th Generation iPod Nano - MB735LLA,Bracketron Nav-Mat Portable GPS Dash Mount - UFM-100-BL,0,NO_MATCH,0
25413,205844283,Sony MiniDV Cleaning Cassette - DVM12CLD,Sony LCS-CSQ Soft Cyber-shot Camera Case - LCSCSQ/B,0,NO_MATCH,0
37309,209901964,Sony VAIO CS Series Black Notebook Computer - VGNCS180JQ,Sony VAIO CS180J/Q Notebook - VGNCS180J/Q,1,MATCH,1
37623,90144998,Jabra Bluetooth Headset - BT2070,Sennheiser RS 130 Wireless Headphone - RS130,0,NO_MATCH,0
36249,208504437,Nikon D700 Digital SLR Digital Camera - D700BODY,Nikon D700 Digtal SLR Camera - 25444,1,NO_MATCH,0
29880,206728281,Haier 20' ATSC Color Tube Television - HTR20,20' Television CRT - HTR20,1,MATCH,1
23246,204787802,Plantronics Voyager 510 Bluetooth Headset - Silver Finish - 496915,Plantronics Voyager 510 Bluetooth Headset,1,MATCH,1
25858,205593354,Garmin Nuvi 660 010-10747-03 Black 12 Volt Adapter Cable - 0101074703,Denon AVR-3808CI A/V Receiver - AVR3808CI,0,NO_MATCH,0
36502,209306029,Onkyo THX Select2 Plus Certified 7.1 Channel Home Theater Black Receiver - TXSR706B,Onkyo TX-SR706 A/V Receiver - TXSR706B,1,MATCH,1
34379,208112355,Sony Black Bravia Home Theater System - DAVHDX279W,Sony BRAVIA DAV-HDX279WC Home Theater System,1,MATCH,1
33931,207391017,Toshiba 10.2' Portable DVD Player In Black - SDP101S,Toshiba SD-P101S Portable DVD Player - SDP101S,1,MATCH,1
16758,204787744,Sanus Silver LCD Television Turntable - TVLCDS,Tivo 80 Hour DVR Recorder,0,NO_MATCH,0
13945,207544306,Onkyo 6 Disc CD Player Changer - DXC390B,"ONKYO 6-DISC CD CHANGER W/VLSC, BLACK NIC - DX-C390",1,MATCH,1
26891,204636071,Garmin 010-10723-03 Nuvi Suction Cup Mount - 0101072303,Hoover Company #U5140900 Wide Path Bag Up Vac,0,NO_MATCH,0
33591,207388754,Panasonic VIERA 42' Plasma Flat Panel 1080p HDTV In Black - TH42PZ85U,Panasonic Viera TH-42PZ85U 42' Plasma TV,1,MATCH,1
38098,209026630,Toshiba 40' Black Flat Panel LCD HDTV - 40RV525U,Toshiba 40RV525U - 40' Widescreen 1080p LCD HDTV w/ Cinespeed - Piano Black,1,MATCH,1
21175,10412788,NetGear ProSafe 24 Port Smart Switch - FS726TP,Netgear ProSafe FS726TP 24 Port 10/100 Smart Switch - FS726TPNA,1,MATCH,1
14563,203388440,Sharp Over The Counter Microwave Oven - R1214SS,Canon BCI-6 Color Ink Cartridges - 4705A018,0,NO_MATCH,0
25413,209656956,Sony MiniDV Cleaning Cassette - DVM12CLD,Apple 8GB iPod nano Pink (4th Generation) - MB735LL/A,0,NO_MATCH,0
36957,207390709,Sony Alpha Digital SLR Black Camera Body - DSLRA350,Sony alpha DSLR-A350 Digital SLR Camera - DSLRA350,1,MATCH,1
37646,209122918,Canon Printer Black Ink Cartridge - CLI221BLK,Canon CLI-221 Black Ink Cartridge - 2946B001,1,NO_MATCH,0
35216,208294701,Samsung Black Blu-ray Player - BDP1500,Samsung BDP-1500 Blu-ray DVD Player - BDP1500,1,MATCH,1
23837,202635467,Sony Learning Remote Control - Silver Finish - RMVL600,Sony Learning Remote Control - RMVL600,1,MATCH,1
38457,206671732,Linksys Dual-Band Wireless-N USB Network Adapter - WUSB600N,Linksys WUSB600N Dual-Band Wireless-NUSB Network Adapter - WUSB600N,1,MATCH,1
29758,208890628,Canon Black Ink Cartridge - PG50,"Logitech diNovo Edge, Mac Edition - 920-000924",0,NO_MATCH,0
20461,201692679,Canon Yellow Ink Cartridge - Yellow - CLI8Y,Canon CLI-8Y Ink Cartridge - 0623B002,1,NO_MATCH,0
37145,202870173,Garmin Nuvi 765T GPS Navigation System - 0100071520,Garmin Leather GPS Case,0,NO_MATCH,0
36990,209253738,Canon VIXIA 60GB High Definition Hard Disc Drive Black Camcorder - HG20,Canon VIXIA HG20 High Definition Camcorder - 3085B001AA,1,MATCH,1
34096,208464825,Samsung 50' Black Flat Panel Series 4 Plasma HDTV - PN50A450,Weber Summit E-620 Copper LP Gas Grill,0,NO_MATCH,0
28340,202515446,Whirlpool White Front Load Washer - WFW9200SWH,Uniden TCX905 Tru-Digital Expansion Handset With Caller ID,0,NO_MATCH,0
25776,90114631,Sony Lightweight Tripod - Black Finish - VCTR640,Sony VCT-R640 Tripod - VCTR640,1,MATCH,1
33563,207388760,Panasonic VIERA 42' Plasma Flat Panel HDTV In Black - TH42PX80U,Panasonic Viera TH-42PX80U 42' Plasma TV,1,MATCH,1
38944,209871973,Panasonic LM-AF30U3 Three Pack Of Single-Sided 30 Minute DVD-RAM Discs - LMAF30U3,Sony DPFD80 Digital Photo Frame,0,NO_MATCH,0
34657,207938488,Samsung 40' Series 7 LCD Black Flat Panel HDTV - LN40A750,"Samsung LN40A750 - 40' 1080p LCD HDTV - 50,000:1 Dynamic Contrast Ratio - 4ms Response Time - 120Hz",1,MATCH,1
38735,203329570,Logitech diNovo Edge Keyboard Windows Edition - 967685,Logitech diNovo Edge Keyboard - 967685-0403,1,MATCH,1
38767,204154429,Coby 7' Black Widescreen TFT Portable DVD CD MP3 Player - TFDVD7006,Coby Electronics TF-DVD7006 Portable DVD Player - TFDVD7006,1,MATCH,1
33948,90139261,Panasonic Black 8.5' Portable DVD Player - DVDLS83,Sanus Flat Panel TV Wall Mount - VM1B,0,NO_MATCH,0
36364,208226700,Speck SeeThru Aqua Hard Shell Case For 13' MacBook - MB13AQUSEEV2,Speck Products SeeThru Case for Apple 13' MacBook - MB13-AQU-SEE-V2,1,MATCH,1
34065,207643194,Canon Silver 10 Megapixel PowerShot Digital Camera - SD890IS,Canon PowerShot SD890 IS Digital Camera - 2566B001,1,NO_MATCH,0
35190,209253739,LG 24' LDF6920BB Fully Integrated Built In Black Dishwasher - LDF6920BK,Canon VIXIA HG21 High Definition Camcorder - 2704B001AA,0,NO_MATCH,0
33219,205562000,Peerless 32' - 50' Articulating Flat Panel TV Black Wall Arm - SA750PU,Peerless SmartMount 700 Series Articulating Wall Arm,1,NO_MATCH,0
30206,204222662,OmniMount CMK White Wall Cable Management Kit - CMKMINI,OmniMount CMK-MINI Mini Wall Mounted Cable Management System,1,MATCH,1
33081,208085180,Pioneer DEH-2000MP CD/MP3/WMA In-Dash Receiver - DEH2000MP,Pioneer DEH-2000MP Car Audio Player,1,MATCH,1
24825,207464939,Panasonic Plain Paper Fax/Copier With Cordless Phone Answering System - Grey Finish - KXFG2451,Samsung NV30 Digital Camera - Silver - EC-NV30ZSBA/US,0,NO_MATCH,0
35485,206901652,Haier 15' Black Flat Panel LCD HDTV DVD Combo - HLC15R,Griffin RoadTrip with SmartScan FM Transmitter - 4040-RDTRPB,0,NO_MATCH,0
37308,209901965,Sony VAIO CS Series Pink Notebook Computer - VGNCS180JP,Sony VAIO CS180J/P Notebook - VGNCS180J/P,1,MATCH,1
39090,208456185,Mitsubishi DLP Black TV Stand - MBS73V,Whirlpool WFW8300SW 27' Front-Load Washer w/3.4 Cu. Ft. Capacity (White),0,NO_MATCH,0
37811,10363243,Sony VAIO LV Series Silver All-In-One Desktop Computer - VGCLV150J,Belkin AC Anywhere 300W Power Inverter - F5C400-300W,0,NO_MATCH,0
33537,202900030,Elgato Mac EyeTV Hybrid - 10020630,Panasonic KX-TS3282W Corded Telephone,0,NO_MATCH,0
36286,210227261,Toshiba XDE Black 1080p Upconversion Extended Detail DVD Player - XDE500,Sharp AQUOS BD-HP50U Blu-ray Disc Player,0,NO_MATCH,0
35623,207514417,Peerless 10' - 22' Flat Panel TV Black Pivot Wall Arm - PP730,Peerless PP730 Universal Pivot Wall Arm,1,MATCH,1
29902,90132241,TiVo HD Digital Video Recorder (180 Hour) - TCD652160,Sony PS-LX350H Belt-Drive Turntable,0,NO_MATCH,0
32027,210461432,Panasonic 27' Stainless Steel Microwave Trim Kit - TK903SS,PAN NN-TK903S MICROWAVE OVEN .08 CU. FT.,1,MATCH,1
37606,201965217,Netgear Prosafe 5 Port Gigabit Ethernet Desktop Switch - GS105NA,Panasonic DVD-RAM Media - LM-AF30U3,0,NO_MATCH,0
22242,210441817,Cuisinart Programmable Coffeemaker - Stainless Steel Finish - DCC2000,Panasonic Kx-tg9391t Dect 6.0 Two-line Corded/cordless Phone Combo - KX-TG9391T,0,NO_MATCH,0
24034,209656955,Sony DVD Remote Control For PS2 - Black Finish - 711719707608,Apple 8GB iPod nano Blue (4th Generation) - MB732LL/A,0,NO_MATCH,0
35552,206928359,Garmin Vehicle Adjustable Suction Cup Mount - 0101082303,Garmin Adjustable Vehicle Suction Cup - 010-10823-03,1,MATCH,1
37331,207686317,Coby 10.2' Black LCD Flat Panel HDTV - TFTV1022,Coby Electronics TF-TV1022 10.2' LCD TV - TFTV1022,1,MATCH,1
34899,204272122,Sony Black 9 Megapixel Cyber-Shot Digital Camera - DSCH50B,Panasonic SR-NA18 10-Cup Rice Cooker/Warmer with Advanced Fuzzy Logic Technology,0,NO_MATCH,0
36722,209656935,AppleCare Protection Plan For iPod Touch Or iPod Classic - MB591LLA,AppleCare for iPod touch or iPod classic - MB591LL/A,1,MATCH,1
25167,203324800,Denon Progressive Scan Universal DVD Player - DVD2930CI,Denon DVD-2930CI DVD Player - DVD2930CI,1,MATCH,1
37110,209114551,Canon PowerShot Silver Digital Camera - SX110IS,Canon PowerShot SX110 IS Digital Camera - Silver - 2666B001,1,MATCH,1
29072,207900176,Alpine 2-DIN DVD/CD/MP3/WMA Receiver/AV Head Unit - IVAW205,Samsung 6 Series LN19A650 19' LCD TV,0,NO_MATCH,0
24693,209705774,Denon Fully Automatic Analog Turntable - DP300F,Apple iPod touch 16GB Flash Portable Media Player - MB531LLA,0,NO_MATCH,0
33326,207390641,Sharp AQUOS 52' Special Edition LCD Black Flat Panel HDTV - LC52SE94U,Sharp AQUOS LC-52SE94U 52' LCD TV,1,MATCH,1
33788,206615085,Panasonic Black Dect 6.0 Cordless Telephone - KXTG9333T,LaCie USB 2.0 External Hard Drive - 301302U,0,NO_MATCH,0
37477,207900177,Canon PowerShot Silver 14.7 Megapixel Digital Camera - SD990IS,Samsung 4 Series LN22A450 22' LCD TV,0,NO_MATCH,0
38751,205865183,Panasonic Yellow 4GB SDHC Memory Card - RPSDV04GU1K,Transcend 4GB CompactFlash Card (133x) - TS4GCF133,0,NO_MATCH,0
30219,10388980,Apple Wireless Mighty Mouse - MB111LLA,Netgear ProSafe WG102 Wireless Access Point 802.11g - WG102NA,0,NO_MATCH,0
37293,209245965,Sony VAIO AW Series Titanium Grey Notebook Computer - VGNAW110JH,Sony VAIO AW110J/H Notebook - VGNAW110J/H,1,MATCH,1
16741,201959840,Delonghi Twenty Four Seven Coffee Maker In Black - DC50B,"DeLonghi DC50B Twenty Four Seven Drip Coffee Maker, Black",1,MATCH,1
35052,209297205,Sharp 26' Black LCD HDTV With Built In DVD Player - LC26DV24U,GE GSD2400NWW Dishwasher with 5 Wash Cycles - gsd2400nww,0,NO_MATCH,0
34304,207927557,Samsung 32' Series 6 LCD Black Flat Panel HDTV - LN32A650,Samsung 6 Series LN32A650 32' LCD TV,1,MATCH,1
30093,205467942,Sony Black DVDirect MC5 Multi-Function DVD Recorder - VRDMC5,Sony VRDMC5 Digital Video Recorder,1,MATCH,1
33962,207391022,Panasonic Black 1080p Up-Conversion DVD Recorder And VHS Combo Player - DMREA38VK,Panasonic DMR-EA38VK DVD/VCR Combo,1,MATCH,1
34033,208294717,Sony Digital SLR Camera With Lens Kit - DSLRA200W,Sony BRAVIA S Series KDL-46S4100 46' LCD TV - KDL46S4100,0,NO_MATCH,0
37308,90049795,Sony VAIO CS Series Pink Notebook Computer - VGNCS180JP,Sony MiniDV Head Cleaner - DVM12CLD,0,NO_MATCH,0
37231,207514567,Yamaha YAS-71 Black Front Surround System - YAS71BK,Sony VCT-60AV Tripod - VCT60AV,0,NO_MATCH,0
34282,10333368,Sony Black Soft Carrying Case - LCSX30,Kensington Orbit Optical Trackball - USB w/PS2 Adapter - 64327,0,NO_MATCH,0
30457,207390171,Sony Black DVD Recorder And VHS Combo Player - RDRVXD655,Sony RDRVXD655 DVD/VCR Combo,1,MATCH,1
35045,208111279,Samsung Black Combo DVD/VHS Player - DVDV9800,CORDED TELEPHONE - KEYPAD - SINGLE LINE OPERATION - LCD DISPLAY - CALLER ID; CAL - KX-TS620W,0,NO_MATCH,0
38920,206870284,Transcend JetFlash V10 16GB USB Flash Drive - TS16GJFV10,Transcend 16GB JetFlash USB Flash Drive - TS16GJFV10,1,MATCH,1
33496,203341506,Canon Silver 8.0 Megapixel PowerShot Digital Camera - SD1100IS,Olympus Slim Leather Case - 202087,0,NO_MATCH,0
34727,207666379,Sony 8GB Memory Stick PRO Duo Mark 2 Media Card - MSMT8G,Sony 8GB Memory Stick PRO Duo Card - MSMT8G,1,MATCH,1
33047,201692665,Canon Black Photo Ink Cartridge - CLI8B,"Canon Ink Cartridge For PIXMA iP4200, iP5200, iP5200R and iP6600D Printers - 0620B002",1,NO_MATCH,0
28190,205985717,Weber 3758301 Blue Genesis EP-320 LP Gas Grill - 3758301,LGs New Electric SteamDryer,0,NO_MATCH,0
36452,202451162,Samsung 52' Series 8 LCD Black Flat Panel HDTV - LN52A860,Canon Canon CB-2LW Battery Charger - 0763B001,0,NO_MATCH,0
29829,207899814,LG DLE5955W White XL Capacity Electric Dryer - DLE5955WH,Wal-mt Furn Comp Shlf - VF2012-B1,0,NO_MATCH,0
35231,206870289,LG LMX25981ST 24.7 Cu. Ft. Capacity Stainless Steel French Door Refrigerator - LMX25981SS,Transcend 16GB SDHC Card & Compact Card Reader S5 - TS16GSDHC6-S5W,0,NO_MATCH,0
34021,203922244,Samsung 46' Series 5 LCD Black Flat Panel HDTV - LN46A550,Pioneer iBus Interface Cable for iPod - CD-I200,0,NO_MATCH,0
24153,207514566,Whirlpool 10' WHP1000SQ Duet Washer And Dryer White Pedestal Without Drawer - WHP1000WH,Sony Camcorder Case - LCSX30,0,NO_MATCH,0
34815,208033806,Pioneer Black Premier Single CD Receiver - DEHP700BT,Pioneer DEHP400UB Car Audio Player,1,NO_MATCH,0
38507,206181767,Linksys Black Media Center Extender - DMA2100,Linksys Media Center Extender - DMA2100,1,MATCH,1
34089,207900175,Samsung 19' Black Flat Panel Series 4 LCD HDTV - LN19A450,Samsung LN19A450 19' LCD TV,1,MATCH,1
36456,208226692,Speck SeeThru Pink Hard Shell Case For 15' MacBook - MB15PNKSEEV2,Speck Products SeeThru Case for Apple 15' MacBook Pro - MB15-PNK-SEE-V2,1,MATCH,1
30134,206362873,Apple Mac Mini 1.83GHz Intel Core 2 Duo Computer - MB138LLA,Apple Mac mini Desktop - MB138LL/A,1,MATCH,1
25749,202827715,Sanus 15' - 40' VisionMount Flat Panel TV Black Wall Mount - MT25B1,Sanus VisionMount Tilting Flat Panel TV Wall Mount - MT25-B1,1,MATCH,1
6284,90120953,Bose 27028 161 Bookshelf Pair Speakers In White - 161WH,Sanus Flat Panel TV Wall Mount - VMF,0,NO_MATCH,0
35247,208893644,LG 52' Black LCD Flat Panel HDTV - 52LG70,TomTom XL 330 S Portable GPS Sysytem - Text to Speech - 4.3' Touchscreen - 1EG0.052.01,0,NO_MATCH,0
13580,90125772,Sanus WMS3B Black Weather Resistant Small Speaker Wall Mount - WMS3B,Sanus Speaker Mount - WMS3B BLACK,1,MATCH,1
22101,207686035,Canon Photo Ink Cartridge - CL52,TOMTOM ONE 130 Carry Bag - 9UEA.017.00,0,NO_MATCH,0
38480,204647332,iRobot Robotic Floor Washer - 74249,iRobot Roomba Scooba Robot Floor Washer,1,NO_MATCH,0
20532,90105654,Belkin Pro Series 16 Ft.  USB 2.0 Cable - F3U13316,BELKIN PRO SERIES USB DEVICE CABLE 16 - F3U133-16,1,MATCH,1
38400,209208547,Sony VAIO JS Series Black All-In-One Desktop Computer - VGCJS130JB,Sony VAIO JS All-in-One Desktop - VGCJS130J/B,1,MATCH,1
33522,207986293,Canon Black EOS Rebel XSi Digital SLR Camera - XSIREB1855,Canon EOS Rebel XSi Digital SLR Camera - Silver - 2757B001,1,NO_MATCH,0
36143,207907552,Sony Bud Style Headphones In Red - MDRED12LPRED,Bass Lover Earbuds Red - MDRED12LP/RED,1,MATCH,1
34944,208042977,Samsung 67' Black Widescreen Series 7 LED DLP HDTV - HL67A750,"Samsung HL-67A750 - 67' Widescreen 1080p DLP HDTV - 10,000:1 Contrast Ratio - HL67A750",1,MATCH,1
29865,202592699,LG WM2233W 4.0 Cu Ft White Front Load Washer - WM2233WH,Directed Electronics Antenna Extension Cable - 14230,0,NO_MATCH,0
36862,208342520,Griffin iPhone 3G Black Elan Form Hard-Shell Leather Case - 8223IP2EFRMB,Griffin Elan Form for iPhone 3G - 8223-IP2EFRMB,1,MATCH,1
35680,205466519,Denon Multi-Channel Digital Surround Sound Speaker System - DHTFS5,Logitech V470 Cordless Laser Mouse for Notebooks - 910-000298,0,NO_MATCH,0
17094,203472622,Delonghi Twenty Four Seven Coffee Maker - DC50W,Panasonic KX-FP145 Plain Paper Thermal Transfer Fax/Copier - KXFP145,0,NO_MATCH,0
30867,205554724,Seiko Quartz Le Grand Sport Womens Watch - SXDA04,Seiko SXDA04,1,MATCH,1
17417,90146847,Sanus 13' - 30' VisionMount Flat Panel TV Silver Wall Mount - VMFS,Plantronics Voyager 510 Bluetooth Earset,0,NO_MATCH,0
38323,204791586,LG White XL Load Capacity Electric Dryer - DLE0442WH,Kenwood iPod Direct Cable - kcaip200,0,NO_MATCH,0
29865,205664972,LG WM2233W 4.0 Cu Ft White Front Load Washer - WM2233WH,LG 3.8 Cu. Ft. 7-Cycle Extra-Large Capacity Washer - White,1,NO_MATCH,0
16329,202434158,Whirlpool 24' Built-In Dishwasher - DU1100SS,Sony Print Paper - SVMF40P,0,NO_MATCH,0
33161,207390656,Sony High Definition HDV Handycam Camcorder - HDRHC9,Sony Handycam HDR-HC9 High Definition Digital Camcorder - HDRHC9,1,MATCH,1
26930,203445879,Monster PS3 HDMI-2M Playstation 3 GameLink HDMI Digital Video/Audio Cable - PS3HDMI2M,Monster Game 127961 GameLink(tm) 2M HDMI Digital Video/Audio Cable for PS3,1,MATCH,1
32322,205852250,Fellowes Personal Powershred Shredder - SB97CS,Peerless SS550P Flat Panel TV Stand,0,NO_MATCH,0
33053,208504396,Netgear ProSafe 5 Port 10/100 Desktop Switch - FS105,Mitsubishi Diamond WD-73835 73' Projection TV - WD73835,0,NO_MATCH,0
35467,202916534,Peerless 23' - 46' Universal Flat Panel TV Black Wall Mount - SF640P,Microsoft Office 2007 Home and Student - 79G-00007,0,NO_MATCH,0
14061,203025423,Kenwood 6-Disc CD Changer - KDCC669,Kenwood KDC-C669 Car CD Changer - KDCC669,1,MATCH,1
36118,203142471,Griffin iPod DirectDeck Universal Cassette Adapter - 7256DDECK,DIRECTDECK UNIVERSAL CASSETTE ADAPTER FOR MP3 PLAYERS - 7256-DDECK,1,MATCH,1
36274,206870289,Transcend 16GB SDHC Card And Compact Card Reader - TS16GSDHC6S5W,Transcend 16GB SDHC Card & Compact Card Reader S5 - TS16GSDHC6-S5W,1,MATCH,1
34659,90049928,Mitsubishi 735 Series 60' 1080p DLP Rear Projection Black HDTV - WD60735,Sony SB-V40S A/V Selector - SBV40S,0,NO_MATCH,0
37231,209114390,Yamaha YAS-71 Black Front Surround System - YAS71BK,Yamaha YAS-71 Front Surround System - YAS-71BL,1,NO_MATCH,0
38831,201854347,Tripp-Lite Black 25 Foot SVGA HD15M To HD15M Computer Monitor Cable - P502025,Tripp Lite Video Cable - P502-025,1,MATCH,1
33653,207391014,Toshiba White 19' LCD HDTV DVD Combo - 19LV506,Toshiba 19LV506 - 19' Widescreen LCD HDTV w/ Built-in DVD Player - 800:1 Contrast Ratio - 5ms Response Time - White,1,MATCH,1
36494,204549804,LaCie 2TB Ethernet Big Disk External Hard Drive - 301239U,Netgear ProSafe GS724TP 24 Port Smart Switch with PoE - GS724TP-100NAS,0,NO_MATCH,0
32882,210571462,Pioneer Remote Control With DVD/Audio Controls - CDR55,Sennheiser CX380 Sennheiser CX 380 Sport II Grey/Orange,0,NO_MATCH,0
30955,205852387,Sony Black LocationFree Base Station - LFV30,Sony LFV30 Network Media Player,1,MATCH,1
31992,203952966,Transcend 4GB Secure Digital High-Capacity (SDHC) Class 6 Memory Card - TS4GSDHC6,Transcend 4GB Secure Digital High Capacity (SDHC) Card - Class 6 - TS4GSDHC6,1,MATCH,1
17479,208456130,Weber Performer 22-1/2' Charcoal Grill - 841001,ALPINE IVA-W205 Car Video Player,0,NO_MATCH,0
31392,205753566,Speck Black ToughSkin iPod Classic Case - ICBLKTS,Speck Products ToughSkin for iPod classic - IC-BLK-TS,1,MATCH,1
27985,204740191,Yamaha Silver USB Powered Stereo Speaker - NXU10SIL,Yamaha NX-U10 USB Powered Stereo Speaker - NX-U10SL,1,MATCH,1
34719,209687172,Panasonic DECT 6.0 Black Expandable Digital Cordless Phone - KXTG9361B,Panasonic Lumix DMC-FZ28 Digital Camera - Black,0,NO_MATCH,0
33921,207925431,Panasonic Black DVD Home Theater Sound System - SCPT660,Panasonic SC-PT660 Home Theater System,1,MATCH,1
33508,207390655,Canon Black 8.0 Megapixel PowerShot Digital Camera - A590IS,Sony Handycam HDR-SR12 High Definition Digital Camcorder - HDRSR12,0,NO_MATCH,0
39090,208504394,Mitsubishi DLP Black TV Stand - MBS73V,Mitsubishi MB-S73 TV Stand,1,MATCH,1
33273,207542599,Canon DVD Camcorder - DC320,Sony DSC-750 Cyber-shot Digital Camera - DSC750,0,NO_MATCH,0
37497,204740975,Nintendo DS Lite Metallic Silver Portable Gaming System - NDSUSGSVB,LaCie Big Disk Ethernet Network Storage Server - 301239U,0,NO_MATCH,0
37354,208715855,Panasonic Rechargeable Lithium-Ion 1320 mAh Battery Pack - VWVBG130,Pedistal for Duet Sport Electric Washer/Dryer - WHP1000SQ,0,NO_MATCH,0
32984,205817784,Peerless Flat Panel Display Mount Black Finish - SGLB01,Klipsch Groove PM20 Computer Speakers - 1007596,0,NO_MATCH,0
32395,210399743,LG WM3988HWA 4.2 Cu Ft White Full Size SteamWasher And Dryer Combo - WM3988WH,Samsung BDP2500 - BD-P2500,0,NO_MATCH,0
38108,208456233,Olympus Black 10 Megapixels Digital Camera - SP565UZ,Whirlpool WTW6700TW 28' Cabrio Series Top Loader Washer (Metallic/White),0,NO_MATCH,0
38876,206678505,Apple iWork 09 Software Individual Pack For Mac - MB942ZA,MONSTER A IP FM-CH 250 iCarPlay Wireless 250 FM Transmitter for iPod & iPhone - AIPFM-CH250,0,NO_MATCH,0
34941,208504307,Sony 7.1 Channel Black A/V Receiver - STRDG820,Sony STR-DG820 A/V Receiver - STRDG820,1,MATCH,1
33758,207910212,Sony DVP-FX820 Black 8' Portable DVD Player - DVPFX820,Sony DVP-FX820 Portable DVD Player - DVPFX820,1,MATCH,1
34454,208409785,Polk Audio Black 10' Powered Subwoofer - PSW110BK,SDI Technologies IP99BR8 Clock Radio For iPod/iPhone,0,NO_MATCH,0
33161,202784218,Sony High Definition HDV Handycam Camcorder - HDRHC9,Pioneer TS-P462 Speaker,0,NO_MATCH,0
37652,210254965,Canon Printer Ink Cartridge 4 Colors Pack - 2946B004,Canon CLI-221 Color Ink 4-Pack (Black/ Cyan/ Magenta/ Yellow) - 2946B004,1,MATCH,1
31414,202900030,Sanus 15' - 32' Flat Panel TV Black Wall Mount - MF209B1,Panasonic KX-TS3282W Corded Telephone,0,NO_MATCH,0
32005,202899998,Panasonic Outdoor Network Camera - BBHCM331A,Panasonic BB-HCM331A Outdoor Network Camera with 2-Way Audio,1,MATCH,1
37145,206722262,Garmin Nuvi 765T GPS Navigation System - 0100071520,Escort X50 Passport 8500 Radar Detector - High Intensity Red Display - 8500X50RED,0,NO_MATCH,0
13202,210227282,Panasonic Laser Toner Cartridge - KXFA83,Battery and Bag Bundle for Panasonic Camcorders - VBG-VBB1STRKIT,0,NO_MATCH,0
36864,210442350,Sony 52' BRAVIA XBR Series Black LCD Flat Panel HDTV - KDL52XBR6,Sony BRAVIA XBR Series KDL-52XBR6 52' LCD TV - KDL52XBR6,1,MATCH,1
32875,203388612,Garmin 010-10723-02 Carrying Case - 0101072302,Directed Electronics Starmate 4 Sirius Satellite Radio Receiver - ST4TK1,0,NO_MATCH,0
34130,208114664,Samsung 5 Disc Black Home Theater System - HTZ410T,LG 22 Cu.Ft. Total Capacity,0,NO_MATCH,0
34657,204559210,Samsung 40' Series 7 LCD Black Flat Panel HDTV - LN40A750,Panasonic NNSD797S 1.6 cu. ft. Genius Prestige Inverter Stainless Steel Microwave Oven,0,NO_MATCH,0
35031,210647824,LG 2.0 Cu. Ft. Over-The-Range White Microwave Oven - LMVM2085WH,CASE MATE CARBON FIBER IPHONE 3G CASE BLACK - IPH3GC-BCF,0,NO_MATCH,0
31887,206639246,Delonghi Coffee Maker In Black - DCF212T,DELONGHI DCF212T 12-Cup Drip Coffee Maker,1,MATCH,1
29612,203389465,Sharp Over The Counter White Microwave Oven - R1211WH,Olympus LI-42B Lithium Ion Digital Camera Battery - 202034,0,NO_MATCH,0
32874,203938179,Garmin 010-10723-00 AC Adapter Cable With International Adapters - 0101072300,Transcend 8GB JetFlash V10 USB Flash Drive - TS8GJFV10,0,NO_MATCH,0
17873,90145584,Sanus 15' - 40' Flat Panel TV Black Wall Mount - VM400B,Sanus Flat Panel TV Wall Mount - VM400B,1,MATCH,1
36124,208504429,Denon Black AVR-1609 Home Theater Surround Sound Receiver - AVR1609,Denon AVR-1609 A/V Receiver - AVR1609,1,MATCH,1
34880,207929461,TomTom ONE XL 330 Car GPS Navigation System - 1EG005200,TomTom XL 330 Portable GPS System w/ Preloaded Maps - 1EG0.052.00,1,MATCH,1
30159,202145734,Alpine CD/MP3/WMA/AAC Receiver - CDA9887,Logitech Harmony 890 Advanced Universal Remote - 966193-0403,0,NO_MATCH,0
30343,202900025,Sony PSP 2000 Playstation Portable Gaming System Core 98510 In Piano Black - 711719851004,Panasonic KX-FG2451 Plain Paper Thermal Transfer Fax/Copier - KX-FG2451,0,NO_MATCH,0
37404,209705778,Canon Black EOS 50D Digital SLR Camera With 28-135MM Lens - 50D28135,"Canon EOS 50D 15 Megapixel SLR Digital Camera w/28-135MM IS USM Lens, Live View & Face Detection, 3' LCD, 6.3fps, DIGIC 4 Image Processor & HDMI output - 2807B005",1,NO_MATCH,0
34092,210520736,Samsung 32' Black Flat Panel Series 4 LCD HDTV - LN32A450,Samsung LN32A450 32' 720p LCD HDTV,1,MATCH,1
34227,209194241,Maytag JETCLEAN II Black Undercounter Dishwasher - MDB7851BK,"Nikon D90 12 Megapixel Digital SLR Camera w/ 3' LCD, Live View, 4.5 fps Burst & In-Camera Image Editing - Body Only - 25446",0,NO_MATCH,0
33272,209273200,Canon DVD Camcorder - DC310,Canon DC310 Digital Camcorder - 2694B001,1,NO_MATCH,0
24153,202472204,Whirlpool 10' WHP1000SQ Duet Washer And Dryer White Pedestal Without Drawer - WHP1000WH,Canon PSC-75 Deluxe Soft Case - 0716B001,0,NO_MATCH,0
37192,208893658,Apple 8GB Blue 4th Generation iPod Nano - MB732LLA,"Olympus Stylus 1050 SW 10 Megapixel Digital Camera w/ 3x optical zoom, 2.7' LCD, Waterproof, Shockproof & Freezeproof, Tap Control, & Face Detection - Black - 226455",0,NO_MATCH,0
37558,205690063,Nintendo DS Lite Crimson/Black Portable Gaming System - NDSUSGSRMKB,Nintendo DS Lite (Crimson & Black) - USGSRMKB,1,MATCH,1
38452,208226470,Linksys Simultaneous Dual-N Band Wireless Router - WRT610N,Linksys WRT610N Simultaneous Dual-N Band Wireless Router,1,MATCH,1
34363,206892902,Speck SeeThru Aqua Hard Shell Case For 20' iMac - IM20AQUSEE,Speck Products SeeThru Case for Apple iMac LCD - IM20-AQU-SEE,1,MATCH,1
38587,208937347,Canon Printer Color Ink Cartridge - CL211,Canon CL-211 Color Ink Cartridge For PIXMA MP240 and MP480 Printers - 2976B001,1,MATCH,1
34349,209026638,Samsung 37' Series 5 LCD Black Flat Panel HDTV - LN37A550,Toshiba 52RV535U - 52' Widescreen 1080p LCD HDTV w/ Cinespeed - Piano Black,0,NO_MATCH,0
33272,208504307,Canon DVD Camcorder - DC310,Sony STR-DG820 A/V Receiver - STRDG820,0,NO_MATCH,0
32584,206179562,Panasonic PT-AX200U White Home Theater Projector - PTAX200,Panasonic PT-AX200U Home Theater Projector,1,MATCH,1
34258,206888011,Weber Cast Iron Griddle - 7542,"Weber Cast Iron Griddle for Genesis B,C, 1000 - 5500 & Spirit E & S 300 Series",1,NO_MATCH,0
34278,207934190,Sony 5.1 Channel Black A/V Receiver - STRDG520,Sony STR-DG520 A/V Receiver - STRDG520,1,MATCH,1
34725,207965387,Sony 4GB Memory Stick PRO Duo Mark 2 Media Card - MSMT4G,Samsung SC-D382 Digital Camcorder,0,NO_MATCH,0
29032,205145879,Nikon COOLPIX Leather Camera Case In Black - 5811,Nikon Digital Camera Leather Case - 5811,1,MATCH,1
36861,210442348,Sony 46' BRAVIA XBR Series Black LCD Flat Panel HDTV - KDL46XBR6,Sony BRAVIA XBR Series KDL-46XBR6 46' LCD TV - KDL46XBR6,1,MATCH,1
33998,208688474,Sony BRAVIA Home Theater System - DAVHDX275,"Samsung HT-BD2T Blu-ray 7.1 Home Theater System - Blu-ray, DVD & CD Playback, FM Receiver w/30 Station Presets, 1100W Total Output, 4 Tower Speakers & Subwoofer - HT-BD2T/XAA",0,NO_MATCH,0
32280,210254965,LG DLEX8377WM White XL Capacity Electric SteamDryer - DLEX8377WH,Canon CLI-221 Color Ink 4-Pack (Black/ Cyan/ Magenta/ Yellow) - 2946B004,0,NO_MATCH,0
28433,203142438,Sony MRW62E/S1/181 17-In-1 External USB Memory Card Reader - MRW62ES1181,Sony 17-in-1 External USB Memory Card Reader And Writer - MRW62E/S1/181,1,MATCH,1
34127,206576716,Belkin Cush Top For Computer Laptop - F8N044GRN,Linksys Wireless-G Internet Video Camera - WVC54GCA,0,NO_MATCH,0
33053,10221960,Netgear ProSafe 5 Port 10/100 Desktop Switch - FS105,Netgear ProSafe FS105 Ethernet Switch - FS105NA,1,MATCH,1
25113,207910387,Denon 5-Disc CD Auto Changer - Black Finish - DCM290,DENON PRO 5 CD CAROUSEL CHANGER NIC - DCM290P,1,MATCH,1
30957,204465488,Linksys Wireless-G Broadband Router - WRT54GL,GN Jabra BT5010 Wireless Earset,0,NO_MATCH,0
25855,205986339,Garmin Nuvi 360 010-10815-00 Black Replacement Vehicle Suction Cup Mount - 0101081500,Garmin Suction Cup Mount - 010-10815-00,1,MATCH,1
33464,210245837,KitchenAid ProLine Series 16 Cup Food Processor - KPFP850OB,KITCHENAID KPFP850OB - Food Processor,1,MATCH,1
37808,204740188,Logitech Black V220 Cordless Optical Mouse For Notebooks - 910000153,Logitech V220 Cordless Optical Mouse for Notebooks - 910-000153,1,MATCH,1
37495,206746475,Nintendo DS Lite Cobalt/Black Portable Gaming System - NDSUSGBMKB,Nintendo DS Lite (Cobalt Blue and Black) - USGSBMKB,1,MATCH,1
20454,208112355,Canon Magenta Ink Tank - Magenta - CLI8M,Sony BRAVIA DAV-HDX279WC Home Theater System,0,NO_MATCH,0
30453,207390309,Bose Lifestyle 48 Series IV 43479 Home Entertainment System - LS48IVWH,Bose Lifestyle 48 Home Theater System - 43479,1,MATCH,1
29861,204792876,LG LSC21943ST Stainless Steel Side By Side Refrigerator - LSC21943SS,"LG Electronics LSC21943ST 21.0 cu. ft. Counter-Depth Side-by-Side Refrigerator with 3 Spill-Protector Glass Shelves, SpacePlus Ice System, Digital LED Display and CustomCube Automatic Ice Maker",1,MATCH,1
28982,204559208,Panasonic Countertop Microwave Oven In Stainless Steel - NNSD667SS,Panasonic NNSD667S 1.2 cu. ft. Countertop Microwave Oven In Stainless Steel,1,MATCH,1
34119,202812567,Sony Remote Control Tripod - VCT60AV,Boss 161 Speaker,0,NO_MATCH,0
33499,207390652,Cuisinart Stainless Steel Convection Toaster Oven - TOB195,Sony Handycam DCR-SR85 Digital Camcorder - DCRSR85,0,NO_MATCH,0
23651,202479417,Pioneer 6.5' 2-Way Marine White Speakers - TSMR1640,"Lowepro SlingShot 200 AW Camera Backpack - Backpack - MicroFiber, Ripstop Nylon - Black, Gray (Black)",0,NO_MATCH,0
33485,90111702,Sony Silver Cyber-Shot Digital Camera - DSCW170,Sanus Euro Foundation Series III Speaker Stand - EFSATBKIII,0,NO_MATCH,0
34998,208079230,Samsung 50' Widescreen Plasma HDTV - PN50A650,"Samsung PN50A650 50' 1080p Plasma HDTV - 1,000,000:1 Dynamic Contrast Ratio - Anti Burn-in Technology",1,MATCH,1
38142,206928388,Canon Pink 8.0 Megapixel PowerShot Digital Camera - SD1100ISP,Canon PowerShot SD1100 IS Digital ELPH Camera - Melody Pink - 2509B001,1,MATCH,1
29007,204792885,LG DLG2526W White Super Capacity Gas Dryer - DLG2526WH,"LG Electronics DLG2526W 27' Gas Dryer with 7.0 cu. ft. Capacity, 5 Dry Programs, 5 Temperature Controls, 5 Drying Levels and Sensor Dry System",1,MATCH,1
7936,90104307,Panasonic Integrated Telephone System - KXTS108W,Panasonic KX-TS108W Corded Phone,1,MATCH,1
28256,204563763,Sony SLV-D380P Black DVD VHS Combo Player - SLVD380P,Sony SLVD380P DVD/VCR Combo,1,MATCH,1
33508,206928380,Canon Black 8.0 Megapixel PowerShot Digital Camera - A590IS,Canon PowerShot A590 IS Digital Camera - 2462B001,1,NO_MATCH,0
32628,203930685,Apple 500GB Time Capsule Wireless Hard Drive - MB276LLA,Sony Playstation 3 Blu-Ray DVD Remote - 98046,0,NO_MATCH,0
34056,207682339,Canon Silver 10 Megapixel PowerShot Digital Camera - SD790IS,Speck Products SeeThru Case for Apple MacBook Air - MBA-PNK-SEE,0,NO_MATCH,0
32416,205664913,GE Amplified Quantum Antenna - TV24775,GE 24775 Amplified Quantum HDTV Antenna,1,MATCH,1
34747,210190818,Canon BCI-6 Multipack Ink Tanks - 4705A018,Apple MacBook Notebook - MB467LLA,0,NO_MATCH,0
30159,205865187,Alpine CD/MP3/WMA/AAC Receiver - CDA9887,Transcend 8GB Compact Flash Card (133x) - TS8GCF133,0,NO_MATCH,0
33586,207338890,Sharp Aquos 32' Black LCD HDTV - LC32D64U,Sharp AQUOS LC-32D64U 32' LCD TV,1,MATCH,1
25291,208117933,Sirius Sportster 4 With Car Kit - SP4TK1,LG 5.6 cu.ft. Freestanding Electric Range,0,NO_MATCH,0
38587,207388756,Canon Printer Color Ink Cartridge - CL211,Panasonic Viera TH-46PZ85U 46' Plasma TV,0,NO_MATCH,0
25857,207682397,Garmin Nuvi 360 010-10723-06 Black 12 Volt Adapter Cable - 0101072306,Logitech V450 Nano Cordless Laser Mouse For Notebooks - 910-000619,0,NO_MATCH,0
34021,207876534,Samsung 46' Series 5 LCD Black Flat Panel HDTV - LN46A550,"Panasonic Viera TH-50PZ800U - 50' Widescreen 1080p Plasma HDTV - 1,000,000:1 Dynamic Contrast Ratio",0,NO_MATCH,0
34002,209871973,Sony Black 1080p Upscaling 5-Disc DVD Changer - DVPNC800HB,Sony DPFD80 Digital Photo Frame,0,NO_MATCH,0
35853,208504422,Pioneer USB iPod Interface Cable - CDIU230V,Mitsubishi Diamond WD-65835 65' Projection TV,0,NO_MATCH,0
33921,208937347,Panasonic Black DVD Home Theater Sound System - SCPT660,Canon CL-211 Color Ink Cartridge For PIXMA MP240 and MP480 Printers - 2976B001,0,NO_MATCH,0
38800,207654105,Canon EOS Rebel XSi Silver Digital SLR Camera - XSIREB1855S,Canon EOS Rebel XSi Digital SLR Camera with EF-S 18-55mm f/3.5-5.6 IS Lens - Silver - 2757B003,1,MATCH,1
36811,208930714,Nikon Pink 10 Megapixel COOLPIX Digital Camera - COOLPIXS60PNK,"Nikon COOLPIX S60 10 Megapixel Digital Camera w/ 5x Optical Zoom, Optical VR Image Stabilization, 3.5' High Res Touch Panel LCD, HD Pictmotion Slide Shows, & Autofocus and Auto Exposure - Pink - 26132",1,MATCH,1
6493,209871973,Denon Stereo Tuner - TU1500RD,Sony DPFD80 Digital Photo Frame,0,NO_MATCH,0
26059,203870569,Garmin 010-10823-00 Black Nuvi 660 Vehicle Suction Cup Mount - 0101082300,Garmin Suction Cup Mount - 010-10823-00,1,MATCH,1
34747,203388440,Canon BCI-6 Multipack Ink Tanks - 4705A018,Canon BCI-6 Color Ink Cartridges - 4705A018,1,MATCH,1
35237,208809705,TomTom Black Carry Case - 9UEA01700,Jabra BT2070 Bluetooth Headset - 100-92070000-02,0,NO_MATCH,0
32889,203022202,Pioneer Sirius Bus Interface - CDSB10,Pioneer Car Audio Remote Control - CDVC1,0,NO_MATCH,0
25990,203915639,Frigidaire 24' PLD4375RFC Built-In Stainless Steel Dishwasher - PLD4375SS,"PLD4375RFC Professional SpeedClean 24-in. Under Counter Dishwasher (14 Place Settings, Stainless Steel)",1,MATCH,1
33924,208111904,Panasonic Black DVD Home Theater Sound System - SCPT960,Panasonic SC-PT960 Home Theater System,1,MATCH,1
25788,208043057,Nikon 70-300mm f/4.5-5.6G ED-IF AF-S VR Zoom-Nikkor Lens - 2161,Nintendo DS Lite (Metallic Rose) - USGSZPB,0,NO_MATCH,0
23965,203322272,Panasonic All-in-One Flatbed Laser Fax - KXFLB801,Panasonic KX-FLB801 Multifunction Printer - KX-FLB801,1,MATCH,1
38483,210259873,Transcend 8GB Micro Secure Digital Memory Card - TS8GUSDHC6,Transcend 8GB microSDHC Card - Class 6 - TS8GUSDHC6,1,MATCH,1
29823,204792884,LG DLE2516W White Super Capacity Electric Dryer - DLE2516WH,LG Electronics DLE2516W 27' Electric Dryer,1,MATCH,1
34002,208105467,Sony Black 1080p Upscaling 5-Disc DVD Changer - DVPNC800HB,Sony DVP-NC800H/B DVD Player,1,MATCH,1
34304,90145560,Samsung 32' Series 6 LCD Black Flat Panel HDTV - LN32A650,Sanus VisionMount Flat Panel TV Wall Mount - VMPL3B,0,NO_MATCH,0
36027,203396159,Canon Battery Charger - 1133B001,Canon CB-2LX Battery Charger - 1133B001,1,MATCH,1
25797,208653775,Garmin GPS Carrying Case - Black Finish - 0101070400,Sony Picture Station Digital Photo Printer - DPPFP95,0,NO_MATCH,0
33499,206725198,Cuisinart Stainless Steel Convection Toaster Oven - TOB195,Cuisinart TOB-195 Cuisinart Exact Heat Convection Toaster Oven Broiler - TOB195,1,MATCH,1
27188,204292472,Weber Stainless Steel Genesis S-310 Liquid Propane Grill - 3770001,Weber Genesis Series 3770001 60' Freestanding Gas Grill,1,MATCH,1
34770,207959798,Samsung 52' Series 7 Black Flat Panel LCD HDTV - LN52A750,"Samsung LN52A750 - 52' 1080P LCD HDTV - 50,000:1 Dynamic Contrast Ratio - 120Hz - 6ms Response Time",1,MATCH,1
36053,203142471,Canon CB-2LV Battery Charger - 9764A001,DIRECTDECK UNIVERSAL CASSETTE ADAPTER FOR MP3 PLAYERS - 7256-DDECK,0,NO_MATCH,0
38108,208893661,Olympus Black 10 Megapixels Digital Camera - SP565UZ,"Olympus SP-565 UZ 10 Megapixel Digital Camera w/ 20x Wide-Angle Optical Zoom, Sensor-Shift Image Stabilization, Face Detection, & 13.5 fps Hight-Speed Sequential Shooting - 226480",1,NO_MATCH,0
36364,202813304,Speck SeeThru Aqua Hard Shell Case For 13' MacBook - MB13AQUSEEV2,Apple DVI to mini-DVI Video Cable Adapter - M9321GB,0,NO_MATCH,0
6726,203111433,KitchenAid Pasta Roller And Cutter - KPRA,KitchenAid Pasta Roller And Cutter - KPRA,1,MATCH,1
34056,207643190,Canon Silver 10 Megapixel PowerShot Digital Camera - SD790IS,Canon PowerShot SD790 IS Digital Camera - 2554B001,1,NO_MATCH,0
38794,209704118,Belkin White Switch-To-Mac Cable - F4U001,Belkin Switch-to-Mac Cable - F4U001,1,MATCH,1
32653,205888207,Microsoft Office 2008 For Mac Home And Student Edition - GZA00006,Microsoft Office:mac 2008 Home and Student Edition - GZA-00006,1,MATCH,1
38704,207652056,VMware Fusion 2 For Mac - VMFM20BX2,Samsung LN46A550 46' LCD TV,0,NO_MATCH,0
27186,203017912,Weber Stainless Steel Summit S-650 Liquid Propane Grill - 1780001,Audiovox CNP2000H XM Mini-Tuner Home Dock,0,NO_MATCH,0
34751,209634135,Panasonic DECT 6.0 Black Expandable Digital Cordless Phone System - KXTG9372B,"Canon PowerShot SD990 IS 14 Megapixel Digital Camera w/ 3.7x Optical Zoom, UA Len, Face Detection, 2.5 LCD, & ISO 1600 - Silver - 3191B001",0,NO_MATCH,0
30594,207876534,Audiovox Commander MT XM Satellite Radio Receiver - XMRVRFM002,"Panasonic Viera TH-50PZ800U - 50' Widescreen 1080p Plasma HDTV - 1,000,000:1 Dynamic Contrast Ratio",0,NO_MATCH,0
26241,208456199,Whirlpool Cabrio WTW6400SW Top Loading White Washer - WTW6400SWH,Whirlpool WTW6400SW Cabrio 4.5 Cu Ft Capacity Washer (White),1,MATCH,1
36207,10363070,Logitech Driving Force Pro Steering Wheel With Pedals Set For Sony Playstation 2 - 9632930403,Logitech Driving Force Pro for PlayStation 2 - 963293-0403,1,MATCH,1
37805,209085175,Samsung S3 Black Multimedia Player - YPS3JAB,SAMSUNG 4GB PORTABLE MLTIMDIA PLYR BLK - YPS-S3JAB/XAA,1,MATCH,1
38477,207388758,Linksys EtherFast 8-Port 10/100 Switch - EZXS88W,Panasonic Viera TH-50PZ80U 50' Plasma TV,0,NO_MATCH,0
26082,207509842,Whirlpool WED6400SB Cabrio Super Capacity Plus Electric Black Dryer - WED6400SBK,Altec Lansing Orbit-MP3 Portable Audio System - IM207,0,NO_MATCH,0
36286,202592699,Toshiba XDE Black 1080p Upconversion Extended Detail DVD Player - XDE500,Directed Electronics Antenna Extension Cable - 14230,0,NO_MATCH,0
36151,207907558,Sony EX Ear Bud Headphones In White - MDREX32LPWHI,Ex Series Earbuds Wht - MDR EX32LP/WHI,1,MATCH,1
36789,208154854,Brenthaven Sling I Titanium Laptop Carrying Bag For 13' MacBook - TR653ZMA,SLING I LAPTOP CASE - 18 INCH - 4.5 INCH - 13 INCH - 2211,1,NO_MATCH,0
33477,208504396,Sony Red Cyber-Shot Digital Camera - DSCW150R,Mitsubishi Diamond WD-73835 73' Projection TV - WD73835,0,NO_MATCH,0
28175,204563949,Weber Genesis E-310 Natural Gas Black Outdoor Grill - 3841001,Pioneer CD-R55 Wireless Remote for Avic-D3/4900DVD - CDR55,0,NO_MATCH,0
33948,207391018,Panasonic Black 8.5' Portable DVD Player - DVDLS83,Panasonic DVD-LS83 Portable DVD Player,1,MATCH,1
30457,208177785,Sony Black DVD Recorder And VHS Combo Player - RDRVXD655,Boston Acoustics Horizon Duo-i AM/FM Stereo Radio - HDUOIMDNT,0,NO_MATCH,0
27137,204049780,Nikon EN-EL9 Black Rechargeable Li-ion Battery - ENEL9,Nikon EN-EL9 Lithium Ion Digital Camera Battery Pack - 25353,1,NO_MATCH,0
33563,208114686,Panasonic VIERA 42' Plasma Flat Panel HDTV In Black - TH42PX80U,LG 25 Cu.Ft. Total Capacity 4 Door Refrigerator,0,NO_MATCH,0
36023,204587960,Canon Battery Charger - 0763B001,Nikon EN-EL10 No-Mem Lithium-Ion Camera Battery - 25752,0,NO_MATCH,0
16394,202106724,Danby Twin Tub Washer - DTT420WH,Sirius Outdoor Home Antenna - 14240,0,NO_MATCH,0
37310,209901966,Sony VAIO CS Series Red Notebook Computer - VGNCS180JR,"Sony VAIO CS Series VGN-CS180J/R 14.1-Inch Notebook 2.26 GHz Intel Core 2 Duo P8400 Processor, 4 GB RAM, 320 GB Hard Drive, Blu-ray Drive, Vista Home Premium- Red - VGNCS180J/R",1,MATCH,1
31881,205561996,Linksys Wireless-G PrintServer - WPSM54G,Peerless SmartMount 700 Series Articulating Wall Arm,0,NO_MATCH,0
37087,208941079,Garmin Nuvi 755T GPS Navigation System - 0100071530,Garmin nvi 755T Automobile Navigator - 010-00715-30,1,MATCH,1
36962,208710842,Sanus Black Single-Column AV Component System - VF2012,"Samsung LN46A850 - 46' 1080P LCD HDTV - 50,000:1 Dynamic Contrast Ratio - 120Hz - 4ms Response Time - Super Slim 1.9' Thick!",0,NO_MATCH,0
36023,208226690,Canon Battery Charger - 0763B001,Speck Products SeeThru Case for Apple 15' MacBook Pro - MB15-CLR-SEE-V2,0,NO_MATCH,0
34286,207945552,Omnimount Moda Collection Series Dark Espresso TV Stand - ECHO50,OmniMount Moda Collection Echo 50 TV Stand - ECHO 50,1,MATCH,1
37810,210462233,Sony VAIO LV Series Silver All-In-One Desktop Computer - VGCLV140J,Sony VAIO LV140J Desktop - VGC-LV140J,1,MATCH,1
30593,203024998,Audiovox XpressR XM Satellite Radio Receiver - XMCK20P,Sony CDP-CX455 CD Player/Changer - CDPCX455,0,NO_MATCH,0
31392,206892248,Speck Black ToughSkin iPod Classic Case - ICBLKTS,Logitech Cordless Desktop MX 5500 Revolution Keyboard and Mouse - 920-000383,0,NO_MATCH,0
33569,207383660,Panasonic VIERA 42' Plasma Flat Panel 1080p HDTV In Black - TH42PZ80U,Plantronics .Audio 920 Wireless Earset - 78592-01,0,NO_MATCH,0
22212,90131741,Sennheisser Hi-Fi Wireless Headphone - RS120,Sennheiser RS 120 Wireless Hi-fi Headphone - RS120,1,MATCH,1
33625,203065730,Panasonic VIERA 37' 1080p LCD HDTV In Black - TC37LZ85,Apple V.92 Data/Fax USB Modem - MA034ZA,0,NO_MATCH,0
29758,201953029,Canon Black Ink Cartridge - PG50,Canon PG-50 High Capacity Black Ink Cartridge For PIXMA MP450 Printer - 0616B002,1,NO_MATCH,0
36454,90114631,Speck SeeThru Orange Hard Shell Case For 15' MacBook - MB15ORGSEEV2,Sony VCT-R640 Tripod - VCTR640,0,NO_MATCH,0
29008,204792886,LG WM2016CW 3.6 Cu Ft White Front Load Washer - WM2016CWH,"LG Electronics WM2016CW 27' Front-Load Washer with 3.5 cu. ft. Capacity, 5 Wash Programs, 5 Temperature Levels, 1050 RPM Maximum and SenseClean System",1,MATCH,1
14033,202479418,Garmin Deluxe Carrying Case - Black Finish - 0101023101,"Lowepro Edit 100 Case for Camcorder - Nylon, MicroFiber - Black (Black)",0,NO_MATCH,0
14563,202870448,Sharp Over The Counter Microwave Oven - R1214SS,Sharp R-1214 Microwave Oven - R-1214,1,MATCH,1
25857,208237795,Garmin Nuvi 360 010-10723-06 Black 12 Volt Adapter Cable - 0101072306,Speck Products SeeThru Case for Apple 15' MacBook Pro - MB15-PUR-SEE-V2,0,NO_MATCH,0
16774,90139860,Olympus Olympus Ni-MH Quick Charger And Battery Set - B90SU,Olympus B-90SU AA/AAA Size Battery Charger - 200899,1,MATCH,1
36909,208289993,Olympus Silver 8 Megapixel Digital Camera - FE370S,Sony RDR-VX560 DVD/VCR Combo,0,NO_MATCH,0
16112,202900041,Panasonic Genius Prestige Inverter Microwave Convection Oven NNC994SS In Stainless Steel - NNC994SS,"Panasonic NN-C994S Genius Prestige Convection Microwave Oven with Inverter Turbo Defrost and One-Touch Sensor Cooking, Stainless",1,MATCH,1
36021,208226693,Speck Clear 13' MacBook See Thru Hard Shell Case - MB13CLRSEEV2,Speck Products SeeThru Case for Apple 13' MacBook - MB13-CLR-SEE-V2,1,MATCH,1
34719,207543188,Panasonic DECT 6.0 Black Expandable Digital Cordless Phone - KXTG9361B,Panasonic KX-TG9361B Expandable Digital Cordless Phone,1,MATCH,1
11338,208226470,Sony Xplod 10-Disc Add-On CD/MP3 Changer - CDX565MXRF,Linksys WRT610N Simultaneous Dual-N Band Wireless Router,0,NO_MATCH,0
37310,90049752,Sony VAIO CS Series Red Notebook Computer - VGNCS180JR,Sennheiser Nickel metal hydride Battery for Headsets - BA-151,0,NO_MATCH,0
30355,206460124,Yamaha Mounting Installation Bracket - SPMK30,Yamaha SPM-K30 Mounting Installation Bracket - SPM-K30,1,MATCH,1
35877,205466519,Sharp HEPA Air Purifier - FPP35CX,Logitech V470 Cordless Laser Mouse for Notebooks - 910-000298,0,NO_MATCH,0
5644,208295050,Sony 5 Disc CD Player - CDPCE375,ALPINE CDA-9886 Car Audio Player - CDA9886,0,NO_MATCH,0
33831,206928604,Olympus Evolt-420 10 Megapixel Digital SLR Camera With 14-42mm Lens In Black - EVOLTE420KIT,Toshiba D-R410 DVD Player/Recorder,0,NO_MATCH,0
38640,203396327,Transcend 2.5' SATA Solid State Disk - TS128GSSD25SM,Nikon Nikkor 70-300mm f/4.5-5.6G ED-IF AF-S VR Telephoto Zoom Lens - 2161,0,NO_MATCH,0
32744,205844283,Sirius Satellite Radio Universal Car Tuner - SCC1,Sony LCS-CSQ Soft Cyber-shot Camera Case - LCSCSQ/B,0,NO_MATCH,0
37311,208504045,Sony VAIO CS Series White Notebook Computer - VGNCS180JW,Panasonic Viera TH-50PZ850U 50' Plasma TV,0,NO_MATCH,0
34968,209297152,Sony Splash Resistant Shower Radio - ICFS79W,Sony ICF-S79W Weather Band Digital Shower Radio - ICFS79W,1,MATCH,1
28340,208456215,Whirlpool White Front Load Washer - WFW9200SWH,Whirlpool 27' DUET WASHER HORIZ AXIS WP,1,NO_MATCH,0
26350,202537952,Panasonic KX-TGA450B Black 5.8 GHz Cordless Handset - KXTGA450B,Panasonic KX-TGA450B Cordless Handset,1,MATCH,1
34610,207543191,Panasonic DECT 6.0 Expandable Digital Cordless Phone With All-Digital Answering System - KXTG9343T,Panasonic KX-TG9343T Cordless Phone,1,MATCH,1
33758,207910337,Sony DVP-FX820 Black 8' Portable DVD Player - DVPFX820,Apple Wireless Mighty Mouse - MB111LL/A,0,NO_MATCH,0
28256,208930722,Sony SLV-D380P Black DVD VHS Combo Player - SLVD380P,"Nikon COOLPIX P6000 13 Megapixels Digital Camera w/ 4x Wide Angle Optical Zoom, 2.7' Hi-Res LCD, Optical VR Image Stabilization, Face Priority AF & TV Movies with Sound - Black - 26135",0,NO_MATCH,0
39088,207543198,Logitech Cordless Desktop Wave Keyboard And Mouse Combo - 920000264,Panasonic KX-TG9332T Cordless Phone,0,NO_MATCH,0
33625,207506253,Panasonic VIERA 37' 1080p LCD HDTV In Black - TC37LZ85,Panasonic VIERA TC-37LZ85 37' LCD TV,1,MATCH,1
32315,202592699,Uniden Dect 6.0 Accessory Handset  And Charging Cradle - DCX200,Directed Electronics Antenna Extension Cable - 14230,0,NO_MATCH,0
35525,207543201,Panasonic Black Expandable Digital Cordless Dect 6.0 Phone System - KXTG9348T,Panasonic KX-TG9348T Expandable Digital Cordless Phone,1,MATCH,1
36053,90141687,Canon CB-2LV Battery Charger - 9764A001,Canon CB-2LV Battery Charger - 9764A001,1,MATCH,1
33581,202537969,Panasonic VIERA 46' Plasma Flat Panel 1080p HDTV In Black - TH46PZ80U,Panasonic KX-TGA670B Cordless Handset,0,NO_MATCH,0
28980,209934620,Panasonic Stainless Steel Luxury Full Size Countertop Microwave Oven - NNSD967SS,SONY IPOD/PHONE DOCK CLOCK RADIO BLACK NIC - ICFC1IPMK2BLK,0,NO_MATCH,0
35415,203405815,Uniden DECT 6.0 Digital Accessory Handset  - DCX300,Fellowes Powershred Personal SB-97Cs Confetti Cut Shredder - 3219701,0,NO_MATCH,0
37192,10376165,Apple 8GB Blue 4th Generation iPod Nano - MB732LLA,D-Link Express EtherNetwork High-Speed DOCSIS 2.0 Cable Modem - DCM-202,0,NO_MATCH,0
32493,201953029,Sirius Plug And Play Universal Home Kit - SUPH1,Canon PG-50 High Capacity Black Ink Cartridge For PIXMA MP450 Printer - 0616B002,0,NO_MATCH,0
37196,209026634,Apple 8GB Pink 4th Generation iPod Nano - MB735LLA,Toshiba 42RV535U - 42' Widescreen 1080p LCD HDTV w/ Cinespeed - Piano Black,0,NO_MATCH,0
11801,205769439,Escort Passport Radar And Laser Detector - Black Finish - 8500,Sony 2GB Memory Stick Micro (M2) - MSA2GD,0,NO_MATCH,0
38587,207919773,Canon Printer Color Ink Cartridge - CL211,Samsung 7 Series LN46A750 46' LCD TV - LN46A750R1FXZA,0,NO_MATCH,0
36084,205664938,Canon Deluxe Burgundy Leather Case - 2350B001,Canon PSC-1000 Semi-Hard Leather Case - 2350B001,1,MATCH,1
27391,204791643,Kenwood KCA-IP300V iPod Video Direct Cable - KCAIP300V,Kenwood iPod-Video Direct Adapter - KCAiP300V,1,MATCH,1
32054,206901619,Haier 13' TV/DVD Combo - TCR13,13in Crt Tv/dvd Combo - TCR13,1,MATCH,1
38434,210227285,Sharp AQUOS 42' Black LCD HDTV - LC42D85U,Sharp AQUOS LC-42D85U 42' LCD TV,1,MATCH,1
35983,206854534,Panasonic DECT 6.0 Silver Digital Cordless Handset - KXTGA630S,Panasonic KX-TGA630S Cordless Handset,1,MATCH,1
35183,202067544,LG 24' LDF6920WW Fully Integrated Built In White Dishwasher - LDF6920WH,Nikon Speedlight SB-600 AF Flash Light - 4802,0,NO_MATCH,0
38486,205865187,Transcend 133X High-Speed 8GB Compact Flash Card - TS8GCF133,Transcend 8GB Compact Flash Card (133x) - TS8GCF133,1,MATCH,1
31635,207390654,Yamaha High Performance Subwoofer In Black - YSTFSW150BK,Sony Handycam HDR-SR10 High Definition Digital Camcorder - HDRSR10,0,NO_MATCH,0
30962,205599985,Canon EOS 40D Digital SLR Camera And 28-135MM Lens - EOS40D28135,Canon EOS 40D Digital SLR Camera with EF 28-135mm f/3.5-5.6 IS USM Lens - 1901B017,1,NO_MATCH,0
32877,204297424,Garmin Nuvi Portable Friction Mount - 0101090800,Garmin Portable Friction Mount,1,MATCH,1
37039,208504461,Klipsch 5.25' THX Ultra2 In-Ceiling White Loudspeaker - KS7502THX,Klipsch KS7502THX (Each) - KS-7502-THX,1,MATCH,1
28963,207910337,Sirius External Home Antenna - 14240,Apple Wireless Mighty Mouse - MB111LL/A,0,NO_MATCH,0
30841,210227285,Skagen Premium Steel Slimline Mesh Womens Watch - 233XSGG,Sharp AQUOS LC-42D85U 42' LCD TV,0,NO_MATCH,0
33999,207666382,Sony Silver 1080p Upscaling DVD Player - DVPNS700HS,Sony 2GB Memory Stick PRO Duo Card - MSMT2G,0,NO_MATCH,0
580,204226641,Bose Acoustimass 5 Series III Speaker System - AM53BK,Case Logic Universal Vertical PDA Leather Pouch - CLP104BB,0,NO_MATCH,0
25732,203341506,Olympus Premium Slim Leather Case In Black - 202087,Olympus Slim Leather Case - 202087,1,MATCH,1
38400,206460118,Sony VAIO JS Series Black All-In-One Desktop Computer - VGCJS130JB,Yamaha YST-FSW150 Subwoofer - YST-FSW150BL,0,NO_MATCH,0
7783,204787744,Panasonic 2-Line Integrated Telephone - KXTSC14W,Tivo 80 Hour DVR Recorder,0,NO_MATCH,0
14070,203162678,Cuisinart Automatic Brew And Serve Coffeemaker - DTC975BK,Cuisinart Brew & Serve Stainless Therm Black 10-Cup Coffee Maker,1,MATCH,1
34165,10376165,Belkin Neoprene Sleeve For MacBook Air - F8N065BLK,D-Link Express EtherNetwork High-Speed DOCSIS 2.0 Cable Modem - DCM-202,0,NO_MATCH,0
30591,204849801,Audiovox XpressEZ XM Satellite Radio Receiver - XMCK5P,Audiovox XMCK5P EXPRESSEZ Satellite Radio - XMCK5P,1,MATCH,1
36451,208237792,Speck SeeThru Green Hard Shell Case For 15' MacBook - MB15GRNSEEV2,Speck Products SeeThru Case for Apple 15' MacBook Pro - MB15-GRN-SEE-V2,1,MATCH,1
29902,205144562,TiVo HD Digital Video Recorder (180 Hour) - TCD652160,TiVo HD Digital Video Recorder - Up to 20 Hours in HD! - TCD652160,1,MATCH,1
38550,208296017,Samsung 2.1 Channel Bluetooth Home Theater System - HTX710T,Samsung HT-X710 Bluetooth 400-Watt Home Theater System With iPod Dock,1,MATCH,1
37322,209307663,Sony VAIO NS Series Silver Notebook Computer - VGNNS190JS,Sony VAIO NS190J/S Notebook - VGNNS190J/S,1,MATCH,1
29816,208455891,Sony HD Radio Add On Tuner - XT100HD,Sony XT-100HD HD Radio Tuner,1,MATCH,1
34220,206725964,LG 42' Black Plasma Flat Panel HDTV - 42PG20,Sony ADMSCF1 Sony Memory Stick Duo Adapter for CF,0,NO_MATCH,0
33431,207554111,Sony Silver MiniDV Handycam Camcorder - DCRHC52,Apple Time Capsule Network Hard Drive - MB277LL/A,0,NO_MATCH,0
30219,207910337,Apple Wireless Mighty Mouse - MB111LLA,Apple Wireless Mighty Mouse - MB111LL/A,1,MATCH,1
36077,207900176,Samsung 19' Black Flat Panel Series 6 LCD HDTV - LN19A650,Samsung 6 Series LN19A650 19' LCD TV,1,MATCH,1
31014,210399819,Universal RF Base Station - MRF260,Onkyo TX-NR906 A/V Receiver - TXNR906B,0,NO_MATCH,0
36761,208453648,Sony VAIO Z Series Black Notebook Computer - VGNZ591UB,Sony Z591U/B Notebook - VGNZ591U/B,1,MATCH,1
33472,205777549,Transcend 2GB 133x Ultra Speed Compact Flash Card - TS2GCF133,Transcend 2GB CompactFlash Card (133x) - TS2GCF133,1,MATCH,1
33640,207642166,Toshiba Black DVD Recorder With Built-In Digital Tuner - DR560,Samsung LN52A650 52' LCD TV,0,NO_MATCH,0
33784,203025174,Panasonic 5.8 GHz Black Expandable Digital Cordless Phone - KXTG4321B,Cordless Solo S2 Radar/Laser Detector - 010ES20A,0,NO_MATCH,0
26117,202537969,Universal MRF-350 RF Black Base Station - MRF350,Panasonic KX-TGA670B Cordless Handset,0,NO_MATCH,0
34130,202870177,Samsung 5 Disc Black Home Theater System - HTZ410T,Garmin Cigarette Lighter Adapter for GPS,0,NO_MATCH,0
35475,208670546,Sony DVD Recorder In Black - RDRGX360,Sony RDR-GX360 DVD Player/Recorder,1,MATCH,1
34638,202916534,Sony White Speaker Dock And Clock Radio For iPod And iPhone - ICFC1IPMK2WHT,Microsoft Office 2007 Home and Student - 79G-00007,0,NO_MATCH,0
28982,208456203,Panasonic Countertop Microwave Oven In Stainless Steel - NNSD667SS,Whirlpool DU1055XTSS 6' Console Undercounter Dishwasher (Stainless Steel),0,NO_MATCH,0
38323,203379234,LG White XL Load Capacity Electric Dryer - DLE0442WH,LG Electronics DLE0442W XL Load Capacity with NeveRust Stainless Steel Drum,1,MATCH,1
34981,208504339,Sony 32' BRAVIA M-Series Gloss Black LCD Flat Panel HDTV - KDL32M4000,Sony BRAVIA M Series KDL-32M4000 32' LCD TV - KDL32M4000,1,MATCH,1
9546,204053338,Frigidaire 24' White Built-In Dishwasher - FDB130WH,Garmin Leather Carry Case for Nuvi 660 - 010-10823-01,0,NO_MATCH,0
32315,205083968,Uniden Dect 6.0 Accessory Handset  And Charging Cradle - DCX200,UNIDEN DCX200 DECT 6.0 Accessory Handset & Charger,1,MATCH,1
37235,210256478,Sony BRAVIA Black SXRD 1080p Home Theater Front Projector - VPLHW10,Sony BRAVIA VPL-HW10 Digital Projector - VPLHW10,1,MATCH,1
30343,203201062,Sony PSP 2000 Playstation Portable Gaming System Core 98510 In Piano Black - 711719851004,Canon Battery and Charger Kit - 1169B001,0,NO_MATCH,0
27091,203136113,LG TROMM WM2688HNM 4.2 Cu. Ft. Navy Blue Front Load Allergiene SteamWasher - WM2688HNBL,LG Navy Blue SteamWasher 27',1,MATCH,1
34947,208114673,LG LFC25770ST 25.0 Cu. Ft. Stainless Steel French Door Bottom Freezer Refrigerator - LFC25770SS,LG 25.0 Cu.Ft. Total Capacity,1,NO_MATCH,0
35045,207986331,Samsung Black Combo DVD/VHS Player - DVDV9800,Samsung DVD-V9800 DVD/VCR Combo Player w/ 1080p Up-Conversion,1,MATCH,1
13954,208294724,Panasonic Corded Phone - KXTS3282B,Panasonic Viera TH-46PZ850U 46' Plasma TV - TH46PZ850U,0,NO_MATCH,0
36999,206761808,Griffin 4046-TRPAUTOC iTrip AutoPilot - 4046TRPAUTOC,Griffin iTrip AutoPilot FM Transmitter - 4046-TRPAUTOC,1,MATCH,1
34824,207660497,Sony DSLR-A350 Digital Camera And 18-70mm Zoom Lens - DSLRA350K,Samsung LN40A650 40' LCD TV,0,NO_MATCH,0
21175,208656495,NetGear ProSafe 24 Port Smart Switch - FS726TP,Olympus FE-360 Digital Camera - Pink - 226540,0,NO_MATCH,0
20466,207534895,Canon Black Ink Cartridge - Black - PG40BK,Sony 16GB Memory Stick PRO Duo Card (Mark 2) - MSMT16G,0,NO_MATCH,0
26310,207543201,Bose In-Ear Black Headphones - BOSEIE,Panasonic KX-TG9348T Expandable Digital Cordless Phone,0,NO_MATCH,0
32561,207543193,Sony Mylo Black Personal Communicator - COM2BLACK,Panasonic KX-TG9341T Cordless Phone,0,NO_MATCH,0
19358,90144996,Sennheiser RF Wireless Headphones - RS140,Sennheiser RS 140 Wireless RF Headphone - RS-140,1,MATCH,1
32625,201935171,Logitech diNovo Media Desktop Laser Keyboard And Mouse Combo - 967562,Logitech Cordless Desktop MX 5000 Laser - 967562-0403,1,MATCH,1
36812,210399819,Onkyo THX Ultra2 Certified 7.1 Channel Home Theater Black Receiver - TXNR906B,Onkyo TX-NR906 A/V Receiver - TXNR906B,1,MATCH,1
31881,205467942,Linksys Wireless-G PrintServer - WPSM54G,Sony VRDMC5 Digital Video Recorder,0,NO_MATCH,0
36097,203023505,Canon Deluxe Black Digital Camera Case - 2595B002,Sony CDP-CE375 CD Player/Changer - CDPCE375,0,NO_MATCH,0
34960,208455896,Sony Weather Shower CD Clock Radio - ICFCD73W,Sony ICF-CD73W AM/FM/Weather Shower CD Clock Radio (White),1,MATCH,1
14563,203142471,Sharp Over The Counter Microwave Oven - R1214SS,DIRECTDECK UNIVERSAL CASSETTE ADAPTER FOR MP3 PLAYERS - 7256-DDECK,0,NO_MATCH,0
33643,203407043,Toshiba Black 1080p Upconversion DVD Recorder/VCR Combinaton - DVR610,PlayStation 3 ChargeLink USB Charging Cable by Nyko - 83000,0,NO_MATCH,0
35853,208085175,Pioneer USB iPod Interface Cable - CDIU230V,Pioneer Direct Control Cable - CD-IU230V,1,MATCH,1
34728,207554111,Sony 16GB Memory Stick PRO Duo Mark 2 Media Card - MSMT16G,Apple Time Capsule Network Hard Drive - MB277LL/A,0,NO_MATCH,0
23097,202502745,Uniden 5.8GHz Accessory Handset And Charger - TCX905,Lego Star Wars 2: The Original Trilogy,0,NO_MATCH,0
25532,204264643,GE Futura Indoor TV Antenna - Silver Finish - TV24746,"PLD4555RFC Professional SpeedClean 24-in. Under Counter Dishwasher (14 Place Settings, Stainless Steel, Energy Star)",0,NO_MATCH,0
30939,202139744,Canon Color Image Silver Scanner - 8800F,Audiovox XMH10 Home Docking Kit,0,NO_MATCH,0
33788,208112358,Panasonic Black Dect 6.0 Cordless Telephone - KXTG9333T,Sony DVP-NS700H/S DVD Player - DVPNS700HS,0,NO_MATCH,0
32560,207540310,Sony Mylo White Personal Communicator - COM2WHITE,"Sony Mylo COM-2 PDA (1GB, Memory Stick Duo) Personal Communicator - COM2WHITE",1,MATCH,1
32563,210402579,LaCie 500GB USB 2.0 External Hard Drive - 301302U,Samsung SBH500 Stereo Bluetooth Headset,0,NO_MATCH,0
39175,204822679,Logitech Digital Precision PC Gaming Headset - 981000040,Logitech Digital Precision PC Gaming Headset - 981-000040,1,MATCH,1
37045,208791919,Toshiba 22' LCD HDTV With Built In DVD Player In White - 22LV506,Toshiba 22LV506 22' TV/DVD Combo,1,MATCH,1
34174,203022202,Klipsch Groove PM20 Computer Speakers - GROOVEPM20BK,Pioneer Car Audio Remote Control - CDVC1,0,NO_MATCH,0
27182,206481908,Logitech Harmony RF Wireless Extender - RFEXT,Logitech Harmony RF Extender - 915-000044,1,NO_MATCH,0
28982,204020411,Panasonic Countertop Microwave Oven In Stainless Steel - NNSD667SS,Sharp Plasmacluster FP-P35CX Air Purifier - 129Sq. ft.,0,NO_MATCH,0
25797,204416098,Garmin GPS Carrying Case - Black Finish - 0101070400,Garmin Lightweight GPS Case - 010-10704-00,1,MATCH,1
37716,207899810,Sanus 30' - 58' VisionMount Flat Panel TV Black Tilting Wall Mount - LT25B1,Sanus VisionMount LT25-B1 Tilting Wall Mount,1,MATCH,1
35843,207645242,Canon EF-S 55-250mm f/4-5.6 IS Telephoto Zoom Lens - 2044B002,Canon EF-S 55-250mm f/4-5.6 IS Telephoto Zoom Lens - 2044B002,1,MATCH,1
35983,208154765,Panasonic DECT 6.0 Silver Digital Cordless Handset - KXTGA630S,Sony Cyber-shot DSC-W170 Digital Camera - Red - DSCW170R,0,NO_MATCH,0
32323,204222207,Canon Easy Photo Pack - 1335B001,Canon E-P100 Photo Pack For Selphy ES1 Printer - 1335B001,1,MATCH,1
32187,210227261,Motorola Portable Bluetooth Car Kit Speaker Phone - T305,Sharp AQUOS BD-HP50U Blu-ray Disc Player,0,NO_MATCH,0
33769,208504099,Sony White 8' Portable DVD Player - DVPFX820W,Sony DVPFX820 Portable DVD Player - DVPFX820/W,1,MATCH,1
21182,202486964,GE Platinum HDTV Millennium TV Antenna - TV24734,GE Millennium TV Antenna - 24734,1,MATCH,1
25814,10140760,Tech Craft Avalon Series TV Stand - SWP48,Linksys EtherFast EZXS55W Ethernet Switch,0,NO_MATCH,0
33908,206671732,Panasonic Black Blu-ray Disc Theater Sound System - SCBT100,Linksys WUSB600N Dual-Band Wireless-NUSB Network Adapter - WUSB600N,0,NO_MATCH,0
28963,202106724,Sirius External Home Antenna - 14240,Sirius Outdoor Home Antenna - 14240,1,MATCH,1
34962,208114681,LG LFX25971SB 24.7 Cu. Ft. Smooth Black French Door Bottom Freezer Refrigerator - LFX25971BK,LG 25 Cu. Ft. Ice & Water Dispensing,1,NO_MATCH,0
25413,202143942,Sony MiniDV Cleaning Cassette - DVM12CLD,Sanus VCD/DVD Wall Mount - VMAVB,0,NO_MATCH,0
34119,206854534,Sony Remote Control Tripod - VCT60AV,Panasonic KX-TGA630S Cordless Handset,0,NO_MATCH,0
34076,207959750,Onkyo 7.1-Channel Black Home Theater Receiver - TXSR506B,Onkyo TXSR506 A/V Receiver,1,MATCH,1
37310,208117920,Sony VAIO CS Series Red Notebook Computer - VGNCS180JR,LG Dishwasher,0,NO_MATCH,0
34301,206615080,LaCie 1TB USB 2.0 External Hard Drive - 301304U,LaCie USB 2.0 External Hard Drive - 301304U,1,MATCH,1
37652,209310243,Canon Printer Ink Cartridge 4 Colors Pack - 2946B004,Canon PowerShot SD880 IS Digital Camera - Silver - 3197B001,0,NO_MATCH,0
34754,207543198,Panasonic DECT 6.0 Black Metallic Expandable Digital Cordless Phone System - KXTG9332T,Panasonic KX-TG9332T Cordless Phone,1,MATCH,1
16669,90140203,Omnimount TV Top Shelf Mount - CCH1B,OmniMount TV Top Shelf Mount,1,MATCH,1
36001,207390452,Sony 7.1 Channel Black AV Receiver - STRDG920,Polk Audio RM705 Black 5.1 Channel Home Theater System - RM 705,0,NO_MATCH,0
38767,204327516,Coby 7' Black Widescreen TFT Portable DVD CD MP3 Player - TFDVD7006,Sony NP-FH100 Lithium Ion Camcorder Battery - NPFH100,0,NO_MATCH,0
23097,207652053,Uniden 5.8GHz Accessory Handset And Charger - TCX905,SAMSUNG DVD HM THEATER SYS 5 DISC NIC - HT-Z410/XAA,0,NO_MATCH,0
35034,208504369,LG 52' Black LCD Flat Panel HDTV - 52LG50,LG 52LG50 52' LCD TV,1,MATCH,1
34156,207390656,Transcend 4GB Micro Secure Digital Memory Card - TS4GUSDHC6,Sony Handycam HDR-HC9 High Definition Digital Camcorder - HDRHC9,0,NO_MATCH,0
30575,207929461,GE 24' GSD2400NWW White Built-In Dishwasher - GSD2400WH,TomTom XL 330 Portable GPS System w/ Preloaded Maps - 1EG0.052.00,0,NO_MATCH,0
35277,205835447,Pioneer KURO 60' Black Plasma HDTV - PDP6020FD,Sony High Definition HDMI to Mini-HDMI Cable - VMC15MHD,0,NO_MATCH,0
31635,10388980,Yamaha High Performance Subwoofer In Black - YSTFSW150BK,Netgear ProSafe WG102 Wireless Access Point 802.11g - WG102NA,0,NO_MATCH,0
21297,202070149,Sony Memory Stick Duo Replacement Adaptor - Silver/Blue Finish - MSACM2,Sony Memory Stick Duo Replacement Adapter - MSACM2,1,MATCH,1
16309,203022472,Sony Super Audio CD Player - SCDCE595,Sony SCD-CE595 CD Player - SCDCE595,1,MATCH,1
20447,203884610,Sony DVD-R Recordable Camcorder Media - 3DMR30L1H,Directed Electronics SCH1 SiriusConnect Home Tuner,0,NO_MATCH,0
34442,208455894,Sony 3.1 Channel Home Theater Surround System In Black - HTCT100,Sony HT-CT100 Home Theater System,1,MATCH,1
35384,208289993,Sony Black DVD Recorder And VHS Combo Player - RDRVX560,Sony RDR-VX560 DVD/VCR Combo,1,MATCH,1
33220,208653767,Sony 9' Digital Photo Frame In Black - DPFV900,Sony DPFV900 Digital Photo Frame - DPF-V900,1,MATCH,1
34004,207652055,Samsung 52' Series 5 LCD Black Flat Panel HDTV - LN52A550,"Samsung LN52A550 - 52' Widescreen 1080p LCD HDTV - 30,000:1 Dynamic Contrast Ratio - 5ms Response Time - Piano Black",1,MATCH,1
37139,208787116,Olympus Stylus 1050 SW Black Digital Camera - STYLUS1050SWB,Dlo 004-0107 Hybridshell(tm) For Iphone(tm) 3g,0,NO_MATCH,0
19132,202778315,Pioneer XM Digital Satellite Tuner for Pioneer Headunits - GEXP920XM,Pioneer GEX-P920XM XM Digital Satellite Tuner - GEX-P920XM,1,MATCH,1
30603,208111279,Panasonic Integrated White Telephone System With All-Digital Answering System - KXTS620W,CORDED TELEPHONE - KEYPAD - SINGLE LINE OPERATION - LCD DISPLAY - CALLER ID; CAL - KX-TS620W,1,MATCH,1
34003,207637777,Samsung 40' Series 5 LCD Black Flat Panel HDTV - LN40A550,Samsung LN40A550 40' LCD TV,1,MATCH,1
35054,202784218,Pioneer 4'x6' 2-Way Component Plate Speaker - TSP462,Pioneer TS-P462 Speaker,1,MATCH,1
38001,206888011,Sony 8' Black LCD Digital Photo Frame - DPFD80,"Weber Cast Iron Griddle for Genesis B,C, 1000 - 5500 & Spirit E & S 300 Series",0,NO_MATCH,0
38388,210399777,Canon Digital EOS Rebel XS Starter Kit - 9320A010,Canon Rebel XSi/XS Starter Kit - 9320A009,1,NO_MATCH,0
35415,209253738,Uniden DECT 6.0 Digital Accessory Handset  - DCX300,Canon VIXIA HG20 High Definition Camcorder - 3085B001AA,0,NO_MATCH,0
34697,206783262,LaCie 500GB d2 Quadra External Hard Drive - 301825U,LaCie d2 Quadra Hard Drive - 301825U,1,MATCH,1
34127,207390452,Belkin Cush Top For Computer Laptop - F8N044GRN,Polk Audio RM705 Black 5.1 Channel Home Theater System - RM 705,0,NO_MATCH,0
35905,203445879,BlueAnt Supertooth Light Bluetooth Handsfree In Black - SUPERTOOTH,Monster Game 127961 GameLink(tm) 2M HDMI Digital Video/Audio Cable for PS3,0,NO_MATCH,0
36029,202785722,Canon NB-5L Lithium Battery - 1135B001,Canon NB-5L Lithium-Ion Digital Camera Battery - 1135B001,1,MATCH,1
34880,205728900,TomTom ONE XL 330 Car GPS Navigation System - 1EG005200,LaCie Little Disk Hard Drive - 301278,0,NO_MATCH,0
35308,208270234,Bracketron Black GPS Low-Pro Windshield Mount - SWM400BL,Bracketron Low-Pro Windshield Mount - SWM-400-BL,1,MATCH,1
36507,208939028,Onkyo THX Ultra 2 Plus Certified 7.1 Channel Home Theater Black Receiver - TXSR806B,"TX-SR806B Receiver (7.1 Channels, 130 W/Channel, 0.08% THD, Supports 8 Devices) - TXSR806B",1,MATCH,1
31836,205844265,Sony Lithium-Ion Rechargeable Battery Pack - NPFD1,Sony InfoLITHIUM D-Type NP-FD1 Digital Camera Battery - NPFD1,1,MATCH,1
35810,10326220,Canon KP-36IP Color Ink & Paper Set - 7737A001,Canon KP 36IP Print Cartridge / Paper Kit - 7737A001,1,MATCH,1
34135,203022202,Samsung 56' Black Widescreen Series 6 DLP HDTV - HL56A650,Pioneer Car Audio Remote Control - CDVC1,0,NO_MATCH,0
33645,206854534,Toshiba Black DVD Recorder/VCR Combinaton With Built-In Digital Tuner - DVR660,Panasonic KX-TGA630S Cordless Handset,0,NO_MATCH,0
10102,90106210,Omnimount Wall Speaker Mount - 20WLWH,OmniMount Stainless Steel Speaker Mount - 20.0 WALL-W,1,NO_MATCH,0
33967,207391021,Panasonic Black 1080p Up-Conversion DVD Recorder - DMREZ28K,Panasonic DMR-EZ28K DVD Player/Recorder,1,MATCH,1
31881,203514371,Linksys Wireless-G PrintServer - WPSM54G,Linksys WPSM54G Wireless-G USB Print Server,1,MATCH,1
24386,203340101,Nikon Rechargeable Li-Ion Battery - Black Finish - 25334,Nikon EN-EL3e Lithium Ion Digital Camera Battery - 25334,1,MATCH,1
35044,208464207,LG 47' Black LCD Flat Panel HDTV - 47LG50,Canon EOS Rebel XS Digital SLR Camera with EF-S 18-55mm 1:3.5-5.6 IS Lens - Black - 2762B003,0,NO_MATCH,0
33157,207390654,Sony 40GB High Definition Hard Disk Drive Handycam Camcorder - HDRSR10,Sony Handycam HDR-SR10 High Definition Digital Camcorder - HDRSR10,1,MATCH,1
38399,201959840,Canon 2GB SD Secure Digital Card - 3505B001,"DeLonghi DC50B Twenty Four Seven Drip Coffee Maker, Black",0,NO_MATCH,0
35663,207536226,Garmin Nuvi 205W GPS Navigation System - 0100071840,Garmin nvi 205W Automobile Navigator - 010-00718-40,1,MATCH,1
36859,210399849,Denon D-M37 Black CD/AM/FM Micro System - DM37SBK,Denon DM37SBK - D-M37SBK,1,MATCH,1
34031,90049795,Sony Black USB Stereo Turntable System - PSLX300USB,Sony MiniDV Head Cleaner - DVM12CLD,0,NO_MATCH,0
29612,205106045,Sharp Over The Counter White Microwave Oven - R1211WH,Sharp 1100 Watt Over the Counter Microwave,1,NO_MATCH,0
33612,204559208,Panasonic 26' LCD HDTV In Black - TC26LX85,Panasonic NNSD667S 1.2 cu. ft. Countertop Microwave Oven In Stainless Steel,0,NO_MATCH,0
30389,202813304,Apple Mini-DVI To DVI Adapter - M9321GB,Apple DVI to mini-DVI Video Cable Adapter - M9321GB,1,MATCH,1
36988,90139585,Canon VIXIA 120GB High Definition Hard Disc Drive Black Camcorder - HG21,Canon NB-2LH Battery Pack - 9612A001,0,NO_MATCH,0
37162,209208718,Canon PIXMA Photo All-In-One Printer - MP620,Canon PIXMA MP620 Wireless Photo All-In-One Inkjet Printer - 2921B002,1,MATCH,1
35680,208156276,Denon Multi-Channel Digital Surround Sound Speaker System - DHTFS5,Denon DHT-FS5 Surround Sound Speaker System,1,MATCH,1
34697,207907552,LaCie 500GB d2 Quadra External Hard Drive - 301825U,Bass Lover Earbuds Red - MDRED12LP/RED,0,NO_MATCH,0
27137,204274660,Nikon EN-EL9 Black Rechargeable Li-ion Battery - ENEL9,WED6400SB Cabrio Super Capacity Plus Electric Black Dryer,0,NO_MATCH,0
28256,203870569,Sony SLV-D380P Black DVD VHS Combo Player - SLVD380P,Garmin Suction Cup Mount - 010-10823-00,0,NO_MATCH,0
38173,210441817,Panasonic DECT 6.0 2-Line Digital Expandable Corded/Cordless Phone System - KXTG9391T,Panasonic Kx-tg9391t Dect 6.0 Two-line Corded/cordless Phone Combo - KX-TG9391T,1,MATCH,1
35183,208296017,LG 24' LDF6920WW Fully Integrated Built In White Dishwasher - LDF6920WH,Samsung HT-X710 Bluetooth 400-Watt Home Theater System With iPod Dock,0,NO_MATCH,0
36023,204080936,Canon Battery Charger - 0763B001,Sanus Flat Panel Ceiling Mount - SC1A-B1,0,NO_MATCH,0
28059,209245958,Sony LCS-TWA/R Red Soft Leather Carrying Case - LCSTWAR,Sony VAIO RT All-in-One Desktop - VGCRT150Y,0,NO_MATCH,0
33276,204419878,Transcend 133X High-Speed 4GB Compact Flash Card - TS4GCF133,Panasonic KX-TG6702B Cordless Telephone - KX-TG6702B,0,MATCH,1
34998,205729817,Samsung 50' Widescreen Plasma HDTV - PN50A650,Apple iPod Shuffle 1GB MP3 Player - MB226LL/A,0,NO_MATCH,0
34174,205817784,Klipsch Groove PM20 Computer Speakers - GROOVEPM20BK,Klipsch Groove PM20 Computer Speakers - 1007596,1,NO_MATCH,0
34016,207390655,Z-Line Portland Black TV Stand - ZL2344MU,Sony Handycam HDR-SR12 High Definition Digital Camcorder - HDRSR12,0,NO_MATCH,0
30680,207390502,Sony Home Entertainment Server In Black - HESV1000,Sony HESV1000 Blu-ray Player/Recorder,1,MATCH,1
37196,209656956,Apple 8GB Pink 4th Generation iPod Nano - MB735LLA,Apple 8GB iPod nano Pink (4th Generation) - MB735LL/A,1,MATCH,1
34092,208112358,Samsung 32' Black Flat Panel Series 4 LCD HDTV - LN32A450,Sony DVP-NS700H/S DVD Player - DVPNS700HS,0,NO_MATCH,0
38500,208787116,DLO Black HybridShell For iPhone 3G - DLA4010717,Dlo 004-0107 Hybridshell(tm) For Iphone(tm) 3g,1,MATCH,1
37187,209656951,Apple 8GB Silver 4th Generation iPod Nano - MB598LLA,Apple 8GB iPod nano Silver (4th Generation) - MB598LL/A,1,MATCH,1
37856,203900180,Canon Black Leather Case - 3528B001,"ABS48 Wood TV Stand (Avalon Series, 48-in. Max)",0,NO_MATCH,0
31954,206356233,Sirius STILETTO 2 Home Docking Kit - SLH2,SIRIUS SLH2 SIRIUS? Stiletto 2 Portable Radio Home Kit,1,MATCH,1
33478,209245958,Sony Gold Cyber-Shot Digital Camera - DSCW150N,Sony VAIO RT All-in-One Desktop - VGCRT150Y,0,NO_MATCH,0
36969,203474227,Oregon Scientific AT18 Wearable Waterproof Action Camcorder - ATC2000,Oregon Scientific Helmet Video Camera - ATC-2000,1,MATCH,1
33726,207925440,Boston Acoustics Solo AM/FM Large Display Clock Radio - HSOLOMDNT,Griffin SmartTalk Headphone Adapter with Control and Mic for iPhone - 3016-SMRTLKB,0,NO_MATCH,0
37301,208456215,Sony VAIO CS Series Red Notebook Computer - VGNCS110ER,Whirlpool 27' DUET WASHER HORIZ AXIS WP,0,NO_MATCH,0
34829,207682340,Speck SeeThru Clear Hard Shell Case For MacBook Air - MBACLRSEE,Speck Products SeeThru Case for Apple MacBook Air - MBA-CLR-SEE,1,MATCH,1
19631,202812646,Bose Second Zone Remote - PMC2,Bose PMCII Remote Control,1,NO_MATCH,0
35012,203086405,Samsung 5 Disc Home Theater Surround Sound System - HTZ510,Garmin GPS Receiver Dash Mount - 010-10613-00,0,NO_MATCH,0
37623,204587909,Jabra Bluetooth Headset - BT2070,Universal Remote Control MRF-350 Addressable Narrow Band RF Base Station with RFX-250 Antenna,0,NO_MATCH,0
34905,208455897,Sony Black Camcorder Tripod - VCT80AV,Sony DVP-FX820/P Portable DVD Player - DVPFX820/P,0,NO_MATCH,0
34370,207390706,Sony Alpha DSLR Black Camera Body With 18-70mm Zoom Lens - DSLRA300K,Sony alpha DSLR-A300 Digital SLR Camera with 18-70mm Zoom Lens - Black - DSLRA300K,1,MATCH,1
37145,208941080,Garmin Nuvi 765T GPS Navigation System - 0100071520,Garmin AUTO NAV - 010-00715-20,1,MATCH,1
34036,208154551,Sony Black Handycam Camcorder Soft Carrying Case - LCSX20,Sony Cyber-shot DSC-W150 Digital Camera - Red - DSCW150R,0,NO_MATCH,0
34934,208117929,LG 5.6 Cu. Ft. Black Freestanding Electric Range - LRE30453BK,LG 5.6 cu.ft. Freestanding Electric Range,1,NO_MATCH,0
36635,202537967,Yamaha Black Digital Sound Projector - YSP3050BK,Panasonic KX-TG6700B Cordless Telephone,0,NO_MATCH,0
25318,202049393,Terk XM Outdoor Home Antenna - Grey Finish - XM6,Audiovox XM6 Outdoor Home Antenna - XM-6,1,MATCH,1
34624,208111903,Sony 7.1 Channel Black A/V Receiver - STRDG720,Panasonic SC-BT100 Home Theater System - SC-BT100P-K,0,NO_MATCH,0
36021,207642166,Speck Clear 13' MacBook See Thru Hard Shell Case - MB13CLRSEEV2,Samsung LN52A650 52' LCD TV,0,NO_MATCH,0
35201,204787802,Sony 40' BRAVIA Z Series Black LCD Flat Panel HDTV - KDL40Z4100B,Plantronics Voyager 510 Bluetooth Headset,0,NO_MATCH,0
34848,208117930,LG Stainless Steel Freestanding Electric Range - LRE30453SS,LG 5.6 cu.ft. Freestanding Electric Range,1,NO_MATCH,0
33220,205554287,Sony 9' Digital Photo Frame In Black - DPFV900,233XSGG - Skagen,0,NO_MATCH,0
34708,205106048,Onkyo Black CD Receiver System - CS325,Garmin Suction cup mount/12-volt adapter kit - 010-10979-00,0,NO_MATCH,0
34858,208294698,Sony 26' BRAVIA M-Series Black LCD Flat Panel HDTV - KDL26M4000,Sony BRAVIA M Series KDL-26M4000 26' LCD TV - KDL26M4000,1,MATCH,1
27789,204292470,Weber Genesis E-310 Liquid Propane Black Outdoor Grill - 3741001,Genesis Series 3741001 60' Freestanding Gas Grill with 637 sq. in. Cooking Surface & 3 Stainless Steel Burners: Black LP Gas,1,MATCH,1
37496,202985950,Nintendo DS Lite Onyx Black Portable Gaming System - NDSUSGSKB,Nintendo DS Lite (Black Onyx) - USGSKB,1,MATCH,1
37722,207509842,Apple iPod Nano Gray Armband - MB769GA,Altec Lansing Orbit-MP3 Portable Audio System - IM207,0,NO_MATCH,0
35872,202784218,Sharp Plasmacluster Air Purifier - KCC100U,Pioneer TS-P462 Speaker,0,NO_MATCH,0
17191,203088013,Universal IR/RF Aeros Remote Control- MX850 - MX850,Sony DVPCX995V DVD Player,0,NO_MATCH,0
26445,203407043,Nyko PlayStation 3 ChargeLink USB Charging Cable - 743840830009,PlayStation 3 ChargeLink USB Charging Cable by Nyko - 83000,1,NO_MATCH,0
38640,209890560,Transcend 2.5' SATA Solid State Disk - TS128GSSD25SM,Transcend 2.5 Solid State Disk (SSD) 128GB SATA MLC with Build-In ECC - TS128GSSD25S-M,1,MATCH,1
35282,207937987,Nikon COOLPIX P80 Digital Camera In Black - COOLPIXP80,Nikon Coolpix P80 Digital Camera - 26114,1,NO_MATCH,0
23097,202515446,Uniden 5.8GHz Accessory Handset And Charger - TCX905,Uniden TCX905 Tru-Digital Expansion Handset With Caller ID,1,MATCH,1
33220,208939028,Sony 9' Digital Photo Frame In Black - DPFV900,"TX-SR806B Receiver (7.1 Channels, 130 W/Channel, 0.08% THD, Supports 8 Devices) - TXSR806B",0,NO_MATCH,0
21047,10373002,Sony VAIO Neoprene Notebook With AC Adapter Case - Black Finish - VGPAMC2,Sony VAIO Notebook and AC Adapter Case - VGPAMC2,1,MATCH,1
33493,206928744,Canon PIXMA MX850 Multifunction Printer - MX850C,Canon PIXMA MX850 Multifunction Photo Printer - 2436B002,1,NO_MATCH,0
37150,203308084,Toshiba Black 15' LCD Flat Panel HDTV/DVD Combo - 15LV505,Directed Electronics Sportster 4 Sirius Satellite Radio Receiver - SP4TK1,0,NO_MATCH,0
30708,205083947,Uniden DECT 6.0 Cordless Digital Answering System - DECT20802,Uniden DECT 6.0 1.9GHz Cordless Phone - DECT2080-2,1,MATCH,1
36906,90104307,Olympus Pink 8 Megapixel Digital Camera - FE360PNK,Panasonic KX-TS108W Corded Phone,0,NO_MATCH,0
33566,207388752,Panasonic VIERA 50' Plasma Flat Panel HDTV In Black - TH50PX80U,Panasonic Viera TH-50PX80U 50' Plasma TV,1,MATCH,1
30533,206725198,Apple 1GB Silver iPod Shuffle - MB225LLA,Cuisinart TOB-195 Cuisinart Exact Heat Convection Toaster Oven Broiler - TOB195,0,NO_MATCH,0
36142,205664964,Sony Bud Style Headphones In Silver - MDRED12LPSLV,LG Electric Dryer with 9 Drying Programs,0,NO_MATCH,0
16003,208226458,Maytag Over-The-Range Microwave Oven - MMV5207BK,Maytag 2.0 Cu. Ft. Over-the-Range Microwave Oven,1,MATCH,1
20453,201692677,Canon Cyan Ink Tank - Cyan - CLI8C,Canon CLI-8C Ink Cartridge - 0621B002,1,MATCH,1
33464,207945552,KitchenAid ProLine Series 16 Cup Food Processor - KPFP850OB,OmniMount Moda Collection Echo 50 TV Stand - ECHO 50,0,NO_MATCH,0
34552,208504187,Sony 32' BRAVIA XBR Series Black LCD Flat Panel HDTV - KDL32XBR6,Sony BRAVIA KDL32XBR6 32' LCD TV,1,MATCH,1
36097,204787744,Canon Deluxe Black Digital Camera Case - 2595B002,Tivo 80 Hour DVR Recorder,0,NO_MATCH,0
33726,202989028,Boston Acoustics Solo AM/FM Large Display Clock Radio - HSOLOMDNT,"Logitech QuickCam Communicate STX Webcam - Black, Charcoal - 961464-0403",0,NO_MATCH,0
30134,208504437,Apple Mac Mini 1.83GHz Intel Core 2 Duo Computer - MB138LLA,Nikon D700 Digtal SLR Camera - 25444,0,NO_MATCH,0
28137,204254634,Sony InfoLithium H Series Standard Rechargeable Battery Pack - NPFH70,Sony InfoLithium H-Series NP-FH70 Camcorder Battery - NPFH70,1,MATCH,1
27103,208504421,LG WDP3N 14' Tall Navy Blue Pedestal With Drawer - WDP3BL,Sony BRAVIA W Series KDL-52W4100 52' LCD TV - KDL52W4100,0,NO_MATCH,0
34395,206362749,Polk Audio CSI A6 Black Center Channel Loudspeaker - CSIA6BK,Polkaudio CSi A6 Black High Performance Center Channel Loudspeaker - AM6615-A,1,NO_MATCH,0
22382,210441817,Sanus 32' - 50' Flat Panel TV Black Wall Mount - VMPL50B,Panasonic Kx-tg9391t Dect 6.0 Two-line Corded/cordless Phone Combo - KX-TG9391T,0,NO_MATCH,0
34424,206928390,Polk Audio 5.1 Channel Black Home Theater Speaker System - RM705BK,Canon PowerShot SD1100 IS Digital ELPH Camera - Rhythm & Blue - 2512B001,0,NO_MATCH,0
38451,205817166,Linksys Dual-Band Wireless-N Notebook Adapter - WPC600N,Linksys Ultra RangePlus Dual Band Wireless-N PC Card - WPC600N,1,MATCH,1
34303,207900179,Samsung 32' Series 5 LCD Black Flat Panel HDTV - LN32A550,Samsung LN32A550 32' LCD TV,1,MATCH,1
38221,208111903,Canon EF 75-300mm F/4-5.6 III Telephoto Zoom Lens - 6473A003,Panasonic SC-BT100 Home Theater System - SC-BT100P-K,0,NO_MATCH,0
36620,208453646,Sony Black VAIO Z Series 13.1' Notebook Computer - VGNZ570NB,Sony Z570N/B Notebook - VGNZ570N/B,1,MATCH,1
32193,205809367,Sony HD-Handycam 3 Meters (10 Feet) HDMI Mini Cable - VMC30MHD,Sony HDMI Mini Cable - VMC30MHD,1,MATCH,1
33219,208154551,Peerless 32' - 50' Articulating Flat Panel TV Black Wall Arm - SA750PU,Sony Cyber-shot DSC-W150 Digital Camera - Red - DSCW150R,0,NO_MATCH,0
32986,206179521,Panasonic KX-TGA820B Black DECT 6.0 Cordless Handset - KXTGA820B,Panasonic KX-TGA820B Cordless Handset,1,MATCH,1
34945,208114674,LG LFC25770SW 25.0 Cu. Ft. Smooth White French Door Bottom Freezer Refrigerator - LFC25770WH,LG 25.0 Cu.Ft. Total Capacity,1,NO_MATCH,0
18837,203155653,Cuisinart Countertop Griddler - GR4,Cuisinart GR-4 Griddler Four Multifunctional Cooking Options,1,MATCH,1
32628,202456903,Apple 500GB Time Capsule Wireless Hard Drive - MB276LLA,TiVo TCD649080 - Series2 Digital Video Recorder - Up to 80 Hours Capacity,0,NO_MATCH,0
33804,206575951,Motorola MotoRokr Portable Bluetooth Car Kit Speaker Phone - T505,Motorola MOTOROKR T505 Bluetooth In-Car Speakerphone - 89149,1,MATCH,1
37360,202784323,Pioneer 6.5' 2-Way Marine White Speakers - TSMR1640FM,Pioneer Nautica TS-MR1640 Marine Speaker - TS-MR1640,1,MATCH,1
34962,202812620,LG LFX25971SB 24.7 Cu. Ft. Smooth Black French Door Bottom Freezer Refrigerator - LFX25971BK,Bose Acoustimass 5 Series III Speaker System - 21725,0,NO_MATCH,0
38327,207390671,Canon Black BP-808 Camcorder Battery Pack - 2740B002,Canon BP-808 Lithium Ion Camcorder Battery Pack - 2740B002,1,MATCH,1
25364,203201060,Olympus Digital Camera Neoprene Soft Case - Black With Grey Finish - 202066,Olympus Neoprene Soft Camera Case - 202066,1,MATCH,1
36607,205131849,Denon 7.1 Channel AV Receiver With Network Client Compatible D-Dock Port In Black - AVR2809CI,Unreal Tournament III - 26991,0,NO_MATCH,0
27248,202045862,Belkin F3H982-10 Pro Series High Integrity 10 Feet Monitor Cable - F3H98210,Panasonic NN-H965BF Microwave Oven - Counter Top - 2.2ft - 1250W - Black,0,NO_MATCH,0
31992,202635701,Transcend 4GB Secure Digital High-Capacity (SDHC) Class 6 Memory Card - TS4GSDHC6,Uniden TCX905 Cordless Handset - TCX905,0,NO_MATCH,0
35226,207900180,Sony 42' BRAVIA V Series Black LCD Flat Panel HDTV - KDL42V4100,"Samsung PN42A450 - 42' Widescreen 720p Plasma HDTV - 100,000:1 Dynamic Contrast Ratio - Piano Black - PN42A450P",0,MATCH,1
38400,90125786,Sony VAIO JS Series Black All-In-One Desktop Computer - VGCJS130JB,Sanus Wall/Ceiling Speaker Mount - WMS3S SILVER,0,NO_MATCH,0
30389,205985719,Apple Mini-DVI To DVI Adapter - M9321GB,The LG Electric SteamDryer,0,NO_MATCH,0
25136,202900041,Denon 5 Disc CD Player - Black Finish - DCM390,"Panasonic NN-C994S Genius Prestige Convection Microwave Oven with Inverter Turbo Defrost and One-Touch Sensor Cooking, Stainless",0,NO_MATCH,0
33273,206892248,Canon DVD Camcorder - DC320,Logitech Cordless Desktop MX 5500 Revolution Keyboard and Mouse - 920-000383,0,NO_MATCH,0
32906,207390682,Sirius Dock And Play Universal Vehicle Kit - SUPV1,Sony LCS-X20 Camcorder Case - LCSX20,0,NO_MATCH,0
32228,202827713,LG DLEX8377NM Navy Blue XL Capacity Electric SteamDryer - DLEX8377BLUE,Sanus VisionMount Flat Panel TV Wall Mount - ML22-B1,0,NO_MATCH,0
25036,208114675,LEGO Star Wars II: The Original Trilogy Video Game For The Sony PSP - 023272329396,LG 25.0 Cu.Ft. Total Capacity,0,NO_MATCH,0
25167,207637793,Denon Progressive Scan Universal DVD Player - DVD2930CI,Panasonic Palmcorder SDR-H60 Digital Camcorder - SDR-H60S,0,NO_MATCH,0
25388,90145568,Sanus 9' - 17' VisionMount Series Under Cabinet Flat Panel TV Silver Wall Mount - VMUC1S,Sanus Under Cabinet LCD TV Mount - VMUC1S,1,MATCH,1
17873,202989028,Sanus 15' - 40' Flat Panel TV Black Wall Mount - VM400B,"Logitech QuickCam Communicate STX Webcam - Black, Charcoal - 961464-0403",0,NO_MATCH,0
32112,206356230,Sirius Stiletto 2 Vehicle Kit - SLV2,SIRIUS SLV2 SIRIUS Stiletto 2 Portable Radio Vehicle Kit,1,MATCH,1
38880,205561996,Apple iWork 09 Software Family Pack For Mac - MB943ZA,Peerless SmartMount 700 Series Articulating Wall Arm,0,NO_MATCH,0
31337,204563770,Sirius SiriusConnect Home Tuner - SCH1,Sony DVPNS57P DVD Player - DVPNS57PB,0,NO_MATCH,0
33279,206808440,Canon Silver Dual Flash Memory Camcorder - FS10,Canon FS10 Digital Camcorder - 2686B001,1,NO_MATCH,0
38329,206362748,Panasonic Black Hi-Definition Camcorder Starter Kit - VBGVBB1STRKIT,Polkaudio CSi A4 Cherry High Performance Center Channel Loudspeaker - AM4412-A,0,NO_MATCH,0
26346,207464920,Panasonic KX-TG4500B Black 5.8 GHz Cordless Phone System - KXTG4500B,Yamaha Outdoor NS-AW390 All-Weather Speaker System - NS-AW390BL,0,NO_MATCH,0
33601,204558176,TomTom GPS Mount And USB Car Charger - 9S00006,TOMTOM ONE XL Additional Mount Kit - 9S00.006,1,MATCH,1
36617,203087319,Sony Black VAIO Z Series 13.1' Notebook Computer - VGNZ550NB,GE Pre-Amplifier for Stereo Turntable - 23292,0,NO_MATCH,0
19676,90145560,Sanus 32' - 84' Flat Panel TV Black Tilting Wall Mount - VMPL3B,Sanus VisionMount Flat Panel TV Wall Mount - VMPL3B,1,MATCH,1
32653,90132241,Microsoft Office 2008 For Mac Home And Student Edition - GZA00006,Sony PS-LX350H Belt-Drive Turntable,0,NO_MATCH,0
29827,205664963,LG Pearl Gray XL Capacity Electric Dryer - DLE5955G,"LG 7.3 cu.ft. Front Control, ST Drum,Chrome Door Trim (Pearl Gray)",1,MATCH,1
30590,10379358,Panasonic 2 Line Integrated Corded Phone System - KXTSC14B,Panasonic Black Toner Cartridge - KX-FA83,0,NO_MATCH,0
34150,207514563,Sony Soft Camera Carrying Case - LCSMX100,Sony LCS-MX100 Camcorder Case - LCSMX100,1,MATCH,1
38346,208167531,Logitech QuickCam Vision Pro For Mac - 960000254,Logitech QuickCam Vision Pro Webcam - 960-000254,1,MATCH,1
35591,207552185,Samsung 72' Series 6 Black Widescreen DLP HDTV - HL72A650,Olympus EVOLT E-420 Digital SLR Camera With 14 - 42mm f/3.5-f/5.6 Zuiko Digital Zoom Lens - Black - 262081,0,NO_MATCH,0
33159,206725196,Cuisinart Stainless Steel 4-Quart Programmable Slow Cooker - PSC400,Cuisinart PSC-400 Cuisinart Programmable Slow Cooker - PSC400,1,MATCH,1
36149,207907550,Sony EX Ear Bud Headphones In Black - MDREX32LPBLK,Ex Series Earbuds Black - MDR EX32LP/BLK,1,MATCH,1
36077,207390717,Samsung 19' Black Flat Panel Series 6 LCD HDTV - LN19A650,Sharp AQUOS LC-37D64U 37' LCD TV,0,NO_MATCH,0
38834,209310268,Nokia T-Mobile Unlocked Cellular Phone - N96,"Nokia N96 Unlocked Phone - 16GB, 5MP Camera with Carl Zeiss Optics and Dual-LED Flash and Auto-Focus, Built-In GPS, WiFi, - 002G6Q3",1,NO_MATCH,0
36365,208226696,Speck SeeThru Pink Hard Shell Case For 13' MacBook - MB13PNKSEEV2,Speck Products SeeThru Case for Apple 13' MacBook - MB13-PNK-SEE-V2,1,MATCH,1
34829,207910387,Speck SeeThru Clear Hard Shell Case For MacBook Air - MBACLRSEE,DENON PRO 5 CD CAROUSEL CHANGER NIC - DCM290P,0,NO_MATCH,0
15046,209297200,GE GSD4000NWW White Built-In Dishwasher - GSD4000WH,GE GSD4000NWW Dishwasher with 5 Wash Cycles STD TUB ESTAR ( White) - gsd4000nww,1,MATCH,1
37405,208973561,Sony BRAVIA Theater Black Micro System - DAVIS50B,Sony BRAVIA DAV-IS50/B Home Theater System,1,MATCH,1
37054,208941074,Garmin Nuvi 275T GPS Navigation System - 0100057600,"Garmin nuVi 275T - 3.5' GPS w/Text To Speech, Bluetooth, Where Am I?, Connect Photos - 010-00576-00",1,MATCH,1
37648,203389465,Canon Printer Gray Ink Cartridge - CLI221GRY,Olympus LI-42B Lithium Ion Digital Camera Battery - 202034,0,NO_MATCH,0
24493,202900030,Panasonic 2-Line Integrated Phone System - White Finish - KXTS3282W,Panasonic KX-TS3282W Corded Telephone,1,MATCH,1
32022,209253739,Sony Bluetooth Adaptor/Portable Transmitter - TMRBT10,Canon VIXIA HG21 High Definition Camcorder - 2704B001AA,0,NO_MATCH,0
19604,204222662,Kenwood iPod Mobile Interface - KCAIP500,OmniMount CMK-MINI Mini Wall Mounted Cable Management System,0,NO_MATCH,0
23537,203069939,Universal RF Series MasterControl Remote Control - RF20,Universal MasterControl Universal Learning Remote Control - RF20,1,MATCH,1
35748,210435439,Danby White Countertop Dishwasher - DDW497WH,Danby DDW497W Countertop Dishwasher,1,MATCH,1
36020,202472204,Canon Deluxe Soft Black Camera Case - 0716B001,Canon PSC-75 Deluxe Soft Case - 0716B001,1,MATCH,1
31635,206460118,Yamaha High Performance Subwoofer In Black - YSTFSW150BK,Yamaha YST-FSW150 Subwoofer - YST-FSW150BL,1,MATCH,1
34661,90131741,Mitsubishi 735 Series 65' 1080p DLP Rear Projection Black HDTV - WD65735,Sennheiser RS 120 Wireless Hi-fi Headphone - RS120,0,NO_MATCH,0
34864,208294717,Sony 46' BRAVIA S-Series Black LCD Flat Panel HDTV - KDL46S4100,Sony BRAVIA S Series KDL-46S4100 46' LCD TV - KDL46S4100,1,MATCH,1
29099,208504318,Olympus Silver Digital Voice Recorder - VN4100PC,Sony BRAVIA Z Series KDL-40Z4100 40' LCD TV - KDL40Z4100/B,0,NO_MATCH,0
33569,207543197,Panasonic VIERA 42' Plasma Flat Panel 1080p HDTV In Black - TH42PZ80U,Panasonic KX-TG9333T Cordless Phone - KX-TG9333T,0,NO_MATCH,0
36446,208226698,Speck SeeThru Blue Hard Shell Case For 15' MacBook - MB15BLUSEEV2,Speck Products SeeThru Case for Apple 15' MacBook Pro - MB15-BLU-SEE-V2,1,MATCH,1
33967,208117933,Panasonic Black 1080p Up-Conversion DVD Recorder - DMREZ28K,LG 5.6 cu.ft. Freestanding Electric Range,0,NO_MATCH,0
27964,203136103,LG LRBP1031 White Bottom-Freezer Refrigerator - LRBP1031WH,LG Electronics LRBP1031W 10 Cu. Ft. Refrigerator,1,MATCH,1
26117,204348269,Universal MRF-350 RF Black Base Station - MRF350,"Case Logic 10' In-Car DVD Player Case - 11' x 9.25' x 4' - Nylon, Koskin - Black (Black)",0,NO_MATCH,0
36452,207660498,Samsung 52' Series 8 LCD Black Flat Panel HDTV - LN52A860,Samsung 5 Series LN37A550 37' LCD TV,0,NO_MATCH,0
28225,209253738,Sony LCS-TWA/B Black Soft Leather Carrying Case - LCSTWAB,Canon VIXIA HG20 High Definition Camcorder - 3085B001AA,0,NO_MATCH,0
28978,209705773,Panasonic Stainless Steel Countertop Microwave Oven - NNSD377SS,Apple iPod touch 8GB Flash Portable Media Player - MB528LLA,0,NO_MATCH,0
38468,203407043,Danby Silhouette 60 Cans Beverage Center - DBC2760BLS,PlayStation 3 ChargeLink USB Charging Cable by Nyko - 83000,0,NO_MATCH,0
36022,208289990,Speck Green 13' MacBook See Thru Hard Shell Case - MB13GRNSEEV2,Sony HT-DDWG700 Home Theater System - HTDDWG700,0,NO_MATCH,0
16765,90137168,Frigidaire 27' Electric Stack Washer Dryer Combo - FEX831WH,Sanus Television Turntable - TV/LCDS,0,NO_MATCH,0
18567,208456203,Whirlpool 24' Built-In Dishwasher - DU1055SS,Whirlpool DU1055XTSS 6' Console Undercounter Dishwasher (Stainless Steel),1,MATCH,1
21047,207464939,Sony VAIO Neoprene Notebook With AC Adapter Case - Black Finish - VGPAMC2,Samsung NV30 Digital Camera - Silver - EC-NV30ZSBA/US,0,NO_MATCH,0
8060,207652055,Panasonic 2-Line Integrated Telephone System - KXTS208W,"Samsung LN52A550 - 52' Widescreen 1080p LCD HDTV - 30,000:1 Dynamic Contrast Ratio - 5ms Response Time - Piano Black",0,NO_MATCH,0
38474,10343605,Linksys Gigabit 5-Port Workgroup Switch - EG005W,Linksys Instant Gigabit EG005W Ethernet Switch,1,MATCH,1
33938,207934192,Weber Summit E-620 Copper Liquid Propane Gas Outdoor Grill - 1752001,Sony DVP-NS700H/B DVD Player,0,NO_MATCH,0
33161,205557530,Sony High Definition HDV Handycam Camcorder - HDRHC9,Canon PIXMA MX310 Multifunction Photo Printer - 2184B002,0,NO_MATCH,0
24153,208715855,Whirlpool 10' WHP1000SQ Duet Washer And Dryer White Pedestal Without Drawer - WHP1000WH,Pedistal for Duet Sport Electric Washer/Dryer - WHP1000SQ,1,MATCH,1
34937,208114670,LG LFC23760ST 22.6 Cu. Ft. Stainless Steel French Door Bottom Freezer Refrigerator - LFC23760SS,LG 22.6 Cu.Ft. Total Capacity,1,NO_MATCH,0
33271,203136103,Canon Vixia High Definition Camcorder - HF100,LG Electronics LRBP1031W 10 Cu. Ft. Refrigerator,0,NO_MATCH,0
28397,203087319,GE Pre-Amplifier For Stereo Turntable - AV23292,GE Pre-Amplifier for Stereo Turntable - 23292,1,MATCH,1
37182,209705774,Apple 16GB Black 2nd Generation iPod Touch - MB531LLA,Apple iPod touch 16GB Flash Portable Media Player - MB531LLA,1,MATCH,1
31332,205761272,Sony Universal Remote Control - RMEZ4,Sony Universal Remote Control - RM-EZ4,1,MATCH,1
11801,208294724,Escort Passport Radar And Laser Detector - Black Finish - 8500,Panasonic Viera TH-46PZ850U 46' Plasma TV - TH46PZ850U,0,NO_MATCH,0
27975,10360978,Belkin F3H982-25 Black 25 Ft Pro Series High Integrity VGA/SVGA Monitor Replacement Cable - F3H98225,Belkin Monitor Cable - F3H982-25,1,MATCH,1
21175,204389692,NetGear ProSafe 24 Port Smart Switch - FS726TP,PANASONIC 4GB SDHC CARD CLASS 6 20 MB/SEC*NIC* - RP-SDV04GU1K,0,NO_MATCH,0
28366,204254738,Sony Progressive Scan Silver DVD Player - DVPNS57PS,Sony DVPNS57P DVD Player - DVPNS57PS,1,MATCH,1
30453,209656962,Bose Lifestyle 48 Series IV 43479 Home Entertainment System - LS48IVWH,Apple 8GB iPod nano Black (4th Generation) - MB754LL/A,0,NO_MATCH,0
24789,205557540,Terk Mini Tuner Cartridge For XM Ready Home Products - CNP2000,Canon CanonScan 8800F Flatbed Scanner - 2168B002,0,NO_MATCH,0
32340,208504423,Klipsch Black Wireless iPod Speaker - ROOMGROOVE,Sony STR-DG920 A/V Receiver - STRDG920,0,NO_MATCH,0
38129,210227261,Sharp AQUOS Black Blu-ray Disc Player - BDHP50U,Sharp AQUOS BD-HP50U Blu-ray Disc Player,1,MATCH,1
35012,207642355,Samsung 5 Disc Home Theater Surround Sound System - HTZ510,Samsung HT-Z510 Home Theater System,1,MATCH,1
38733,207979206,Kensington Mini Battery Pack And Charger For iPhone And iPod - K33442US,Kensington Mini Battery Pack and Charger for iPhone and iPod - K33442US,1,MATCH,1
35877,204020411,Sharp HEPA Air Purifier - FPP35CX,Sharp Plasmacluster FP-P35CX Air Purifier - 129Sq. ft.,1,MATCH,1
32880,205106048,Garmin Suction Cup Mount And 12-Volt Adapter Kit - 0101097900,Garmin Suction cup mount/12-volt adapter kit - 010-10979-00,1,MATCH,1
25813,202973389,Tech Craft Avalon Series TV Stand - Black Finish - ABS32,Techcraft Veneto Series ABS32 TV Stand,1,MATCH,1
33998,205777541,Sony BRAVIA Home Theater System - DAVHDX275,Universal Remote Control MRF-260 Barrier-Free Addressable RF Base Station,0,NO_MATCH,0
35035,202472204,LG 2.0 Cu. Ft. Over-The-Range Stainless Steel Microwave Oven - LMVM2085SS,Canon PSC-75 Deluxe Soft Case - 0716B001,0,NO_MATCH,0
34263,207897315,Samsung 22' White Flat Panel LCD HDTV - LN22A451,Samsung 4 Series LN22A451 22' LCD TV,1,MATCH,1
26622,203201062,Canon Charger And Rechargable AA Battery Kit - 1169B001,Canon Battery and Charger Kit - 1169B001,1,MATCH,1
33643,206928605,Toshiba Black 1080p Upconversion DVD Recorder/VCR Combinaton - DVR610,Toshiba D-VR610 DVD VCR Combo,1,MATCH,1
22382,90131941,Sanus 32' - 50' Flat Panel TV Black Wall Mount - VMPL50B,Sanus Flat Panel TV Wall Mount - VMPL50-B,1,MATCH,1
37915,207465595,Panasonic Silver 8.1 Megapixel Digital Camera - DMCFS3S,Panasonic Lumix DMC-FS3 Digital Camera - Silver,1,MATCH,1
37201,206460124,Apple 16GB Green 4th Generation iPod Nano - MB913LLA,Yamaha SPM-K30 Mounting Installation Bracket - SPM-K30,0,NO_MATCH,0
34135,207900170,Samsung 56' Black Widescreen Series 6 DLP HDTV - HL56A650,Samsung 6 Series HL56A650 56' Projection TV,1,MATCH,1
35415,206827757,Uniden DECT 6.0 Digital Accessory Handset  - DCX300,Uniden DCX300 DECT 6.0 Accessory Handset and Cradle for the DECT2000 series,1,MATCH,1
38781,207920831,Griffin Black TuneBuds Mobile For iPod And iPhone - 9410TUNBMBLB,Griffin TuneBuds Stereo Earset - 9410-TUNBMBLB,1,MATCH,1
34747,210435432,Canon BCI-6 Multipack Ink Tanks - 4705A018,Danby DBC2760BLS 5.0 cu.ft beverage center / 27 bottle wine cooler,0,NO_MATCH,0
36450,205664913,Samsung 46' Series 8 LCD Black Flat Panel HDTV - LN46A860,GE 24775 Amplified Quantum HDTV Antenna,0,NO_MATCH,0
25291,205986339,Sirius Sportster 4 With Car Kit - SP4TK1,Garmin Suction Cup Mount - 010-10815-00,0,NO_MATCH,0
37964,209310243,Canon Silver PowerShot Digital Camera - SD880IS,Canon PowerShot SD880 IS Digital Camera - Silver - 3197B001,1,MATCH,1
36456,207900170,Speck SeeThru Pink Hard Shell Case For 15' MacBook - MB15PNKSEEV2,Samsung 6 Series HL56A650 56' Projection TV,0,NO_MATCH,0
17653,10382243,Sony HD DVC Tape - DVM63HD,Sony High Definition Mini DV Cassette - DSL-190-B,1,NO_MATCH,0
33595,208409750,Panasonic VIERA 46' Plasma Flat Panel 1080p HDTV In Black - TH46PZ85U,Yamaha YSP-3050 Digital Sound Projector - YSP-3050BL,0,NO_MATCH,0
33883,208177785,Boston Acoustics Duo-I AM/FM Clock Radio With iPod Dock - HDUOIMDNT,Boston Acoustics Horizon Duo-i AM/FM Stereo Radio - HDUOIMDNT,1,MATCH,1
17873,205690063,Sanus 15' - 40' Flat Panel TV Black Wall Mount - VM400B,Nintendo DS Lite (Crimson & Black) - USGSRMKB,0,NO_MATCH,0
18087,203150909,Danby Designer Portable Dishwasher - DDW1805WH,"DDW1805W 18-in. Portable Dishwasher (White, Energy Star)",1,MATCH,1
33532,10412590,TomTom GPS Mount And USB Car Charger - 9N00101,Netgear RangeMax WPN802 Wireless Access Point - WPN802NA,0,NO_MATCH,0
33057,209656961,Pioneer Premier In-Dash CD/WMA/MP3/AAC Receiver - DEHP400UB,Apple iPod Classic 120GB Hard Drive Portable Media Player - MB565LL/A,0,NO_MATCH,0
33645,206928607,Toshiba Black DVD Recorder/VCR Combinaton With Built-In Digital Tuner - DVR660,Toshiba D-VR660 DVD/VCR Combo,1,MATCH,1
36452,209208655,Samsung 52' Series 8 LCD Black Flat Panel HDTV - LN52A860,"LN52A860 52' LCD TV (Widescreen, 1920x1080, HDTV)",1,MATCH,1
33263,208105573,Alpine V-Power Series 4/3/2 Channel Power Amplifier - MRPF300,ALPINE MRP-F300 Car Amplifier,1,MATCH,1
37825,205505156,Logitech MX Air Rechargeable Cordless Air Mouse - 931633,Logitech MX Air Rechargeable Cordless Air Mouse - 931633-0403,1,MATCH,1
33536,206898357,Elgato TV Receiver And Video Converter For Analog & Digital TV - 10020780,Elgato EyeTV 250 Plus TV Tuner - 10020780,1,MATCH,1
32431,202827677,Peerless 42' - 71'  Articulating Flat Panel TV Silver Dual Wall Arm Mount - PLAV70UNLPS,Peerless PLAV70-UNLP-S Articulating Dual-Arm with Vertical Adjustment - PLAV70 UNLPS,1,MATCH,1
29228,207907559,Sony Black Active Speaker System - SRSA212BK,Ex Series Earbuds Black - MDR EX55/BLK,0,NO_MATCH,0
36083,203897877,Canon Deluxe Grey Leather Case - 2349B001,KitchenAid 5-Speed Blender - Red Finish - KSB560ER,0,NO_MATCH,0
24693,203087681,Denon Fully Automatic Analog Turntable - DP300F,Denon DP-300F Analog Record Turntable - DP300F,1,MATCH,1
35218,207899810,Garmin Nuvi 255W GPS Navigation System - 0100071820,Sanus VisionMount LT25-B1 Tilting Wall Mount,0,NO_MATCH,0
38781,203379234,Griffin Black TuneBuds Mobile For iPod And iPhone - 9410TUNBMBLB,LG Electronics DLE0442W XL Load Capacity with NeveRust Stainless Steel Drum,0,NO_MATCH,0
38127,90106172,Coby Black 15' Widescreen Flat Panel LCD HDTV - TFTV1514,OmniMount Universal Wall Speaker Mounting Kit - 20.0 WALL-B,0,NO_MATCH,0
36361,205844282,Speck SeeThru Black Hard Shell Case For 13' MacBook - MB13BLKSEEV2,Sony LCS-CSJ Soft Camera Case - LCSCSJ,0,NO_MATCH,0
35194,208504297,Sony 37' BRAVIA XBR Series Black LCD Flat Panel HDTV - KDL37XBR6,Sony BRAVIA XBR Series KDL-37XBR6 37' LCD TV - KDL37XBR6,1,MATCH,1
20532,203884610,Belkin Pro Series 16 Ft.  USB 2.0 Cable - F3U13316,Directed Electronics SCH1 SiriusConnect Home Tuner,0,NO_MATCH,0
23006,204787746,Tivo Wireless Adapter - AG0100,Tvio Wireless USB Network Adpator,1,NO_MATCH,0
35853,206917817,Pioneer USB iPod Interface Cable - CDIU230V,Nikon Coolpix S550 Digital Camera - Cool Blue - 26109,0,NO_MATCH,0
13581,90125786,Sanus WMS3S Silver Weather Resistant Small Speaker Wall Mount - WMS3S,Sanus Wall/Ceiling Speaker Mount - WMS3S SILVER,1,MATCH,1
38483,90132241,Transcend 8GB Micro Secure Digital Memory Card - TS8GUSDHC6,Sony PS-LX350H Belt-Drive Turntable,0,NO_MATCH,0
33175,203017911,Sony Silver Cyber-Shot 7.2 Megapixel Digital Camera - DSCW120,Audiovox CNP2000 XM Mini-Tuner,0,NO_MATCH,0
32395,206745972,LG WM3988HWA 4.2 Cu Ft White Full Size SteamWasher And Dryer Combo - WM3988WH,Full Size Steam Washer and Dryer Combination with Allergiene Cycle,1,NO_MATCH,0
34102,205886768,Nyko Charge Base 2 Charger For PlayStation 3 Controller - 743840830535,PlayStation 3 Charging Dock for PS3 Wireless Controllers by Nyko - 83053,1,NO_MATCH,0
38164,202827677,Apple USB Power Adapter - MB352LLB,Peerless PLAV70-UNLP-S Articulating Dual-Arm with Vertical Adjustment - PLAV70 UNLPS,0,NO_MATCH,0
32280,202515446,LG DLEX8377WM White XL Capacity Electric SteamDryer - DLEX8377WH,Uniden TCX905 Tru-Digital Expansion Handset With Caller ID,0,NO_MATCH,0
35431,204884519,Panasonic VIERA 32' Class Widescreen LCD HDTV In Black - TC32LZ800,Monster Cable iFreePlay Cordless Headphone - AI SH HPHONE,0,NO_MATCH,0
13701,90108521,Sanus Euro Foundations Satellite Speaker Stand - EFSATS,Sanus Euro Foundation Series III Speaker Stand - EFSATSIII,1,NO_MATCH,0
37052,208941076,Garmin Nuvi 265T GPS Navigation System - 0100057610,"Garmin 265T - 3.5' GPS w/Bluetooth, Text To Speech, Where Am I?, Connect Photos - 010-00576-10",1,MATCH,1
36789,208117932,Brenthaven Sling I Titanium Laptop Carrying Bag For 13' MacBook - TR653ZMA,LG 5.6 cu.ft. Freestanding Electric Range,0,NO_MATCH,0
36097,205838157,Canon Deluxe Black Digital Camera Case - 2595B002,Canon PSC-85 Deluxe Soft Case for the Powershot-A650 IS and A720 IS - 2595B002(AA),1,MATCH,1
28982,208455894,Panasonic Countertop Microwave Oven In Stainless Steel - NNSD667SS,Sony HT-CT100 Home Theater System,0,NO_MATCH,0
27479,10351869,Tripp-Lite PV375 PowerVerter 375-Watt Ultra-Compact Inverter - PV375,Tripp Lite PowerVerter 375-Watt Ultra-Compact Inverter - PV375,1,MATCH,1
38653,210571462,Sennheiser Orange And Silver In Ear Headphones - CX380,Sennheiser CX380 Sennheiser CX 380 Sport II Grey/Orange,1,MATCH,1
26861,203388612,Sirius ST4-TK1 Starmate 4 Radio With Car Kit - ST4TK1,Directed Electronics Starmate 4 Sirius Satellite Radio Receiver - ST4TK1,1,MATCH,1
27739,204644752,Electrolux Oxygen 3 Canister HEPA H12 Filter - EL012A,Electrolux Homecare #EL012A Electro H12 Hepa Filter,1,MATCH,1
38574,208792604,Sony BD/DVD Home Theater System - BDVIS1000,Sony Cyber-shot DSC-W170 Digital Camera - Silver - DSCW170,0,NO_MATCH,0
33638,208226698,Toshiba Black Portable DVD Player - SDP71S,Speck Products SeeThru Case for Apple 15' MacBook Pro - MB15-BLU-SEE-V2,0,NO_MATCH,0
23350,50012447,Sony PlayStation 2 8MB Memory Card (2 Pack) - Red/Blue Finish - 711719706700,SONY 7-11719-70670-0 PS2 8 MB Memory Card 2-pk - 97067,1,MATCH,1
37767,204588748,Kensington Combosaver Ultra Combination Notebook Lock - K64516US - K64516US,Kensington ComboSaver Ultra Notebook Lock - K64516US,1,MATCH,1
37403,209705777,Canon Black EOS 50D Digital SLR Camera Body - EOS50DBODY,"Canon EOS 50D 15 Megapixel SLR Digital Camera with Live View & Face Detection, 3' LCD, 6.3fps & DIGIC 4 Image Processor - Body Only - 2807B006",1,NO_MATCH,0
28148,203131413,LG WM3431W All-In-One White Washer And Dryer Combo - WM3431WH,LG Electronics 24' Washer/Dryer Combo: White,1,NO_MATCH,0
36169,205691190,Sony Bud Style Headphones In Black - MDREX85LPBLK,Sony MDREX81LP Comfort Fit Ear Hanger Headphones- Choose Color (Black),1,MATCH,1
34303,207543190,Samsung 32' Series 5 LCD Black Flat Panel HDTV - LN32A550,Panasonic KX-TG9344T Expandable Digital Cordless Phone,0,NO_MATCH,0
17067,201965217,Canon Rechargeable Battery - 9763A001,Panasonic DVD-RAM Media - LM-AF30U3,0,NO_MATCH,0
28149,203514305,LG WM3431HS All-In-One Front Load Titanium Washer And Dryer Combo - WM3431TT,Canon CLI-8 Green Ink Tank For PIXMA Pro 9000 Printer - 0627B002,0,NO_MATCH,0
34280,207900177,Samsung 22' Black Flat Panel LCD HDTV - LN22A450,Samsung 4 Series LN22A450 22' LCD TV,1,MATCH,1
28650,203131635,Griffin Elevator Brushed Aluminum Laptop Stand - 1093CURV2,Griffin Elevator Desktop Stand for Portable Laptops - 1093-CURV2,1,MATCH,1
37495,208117918,Nintendo DS Lite Cobalt/Black Portable Gaming System - NDSUSGBMKB,LG LDF6920BB Fully Integrated Dishwasher,0,NO_MATCH,0
34007,207660497,Samsung 40' Series 6 LCD Black Flat Panel HDTV - LN40A650,Samsung LN40A650 40' LCD TV,1,MATCH,1
27186,204292477,Weber Stainless Steel Summit S-650 Liquid Propane Grill - 1780001,"Weber Summit Series S-450 74 1/10' Freestanding Gas Grill with 838 sq. in. Cooking Surface, 6 Stainless Steel Burners, Rotisserie Burner, Stainless Steel Smoker Box & Stainless Steel Work Surface: LP Gas",1,NO_MATCH,0
34659,208504191,Mitsubishi 735 Series 60' 1080p DLP Rear Projection Black HDTV - WD60735,Mitsubishi WD-60735 60' Projection TV,1,MATCH,1
33522,202900002,Canon Black EOS Rebel XSi Digital SLR Camera - XSIREB1855,Panasonic BL-C1A Network Camera,0,NO_MATCH,0
29464,209656961,Sony Clip-On Black Headphones - MDRQ68LW,Apple iPod Classic 120GB Hard Drive Portable Media Player - MB565LL/A,0,NO_MATCH,0
31014,205777541,Universal RF Base Station - MRF260,Universal Remote Control MRF-260 Barrier-Free Addressable RF Base Station,1,MATCH,1
28256,208289993,Sony SLV-D380P Black DVD VHS Combo Player - SLVD380P,Sony RDR-VX560 DVD/VCR Combo,0,NO_MATCH,0
26525,202900227,Bose SL2 Wireless Black Surround Link - SL2WIRELESS,Panasonic KX-TSC14W 2-Line Telephone,0,NO_MATCH,0
34401,208456262,Whirlpool Cabrio Diamond Dust Top Loading Washer - WTW6700TU,Whirlpool WTW6700TU Cabrio 4.6 Cu. Ft. Top Load Washer (Diamond Dust),1,MATCH,1
38127,209720586,Coby Black 15' Widescreen Flat Panel LCD HDTV - TFTV1514,Coby Electronics TF-TV1514 15' LCD TV,1,MATCH,1
32405,203938179,Transcend JetFlash V10 8GB USB Flash Drive - TS8GJFV10,Transcend 8GB JetFlash V10 USB Flash Drive - TS8GJFV10,1,MATCH,1
34031,207910213,Sony Black USB Stereo Turntable System - PSLX300USB,Sony PSLX300USB USB Record Turntable,1,MATCH,1
20458,201953021,Canon Cyan Photo Ink Cartridge - Cyan - CLI8PC,Canon CLI-8PC Photo Cyan Ink Cartridge - 0624B002,1,NO_MATCH,0
35306,207543196,Panasonic DECT 6.0 Silver Expandable Digital Cordless Phone System - KXTG9332S,Panasonic KX-TG9332S DECT 6.0 Expandable Digital Cordless Phone,1,MATCH,1
36022,209026638,Speck Green 13' MacBook See Thru Hard Shell Case - MB13GRNSEEV2,Toshiba 52RV535U - 52' Widescreen 1080p LCD HDTV w/ Cinespeed - Piano Black,0,NO_MATCH,0
34158,210521551,Panasonic 40GB Hard Drive Camcorder - SDRH40,Maytag MDB7851AWB Full Console Dishwasher (Black),0,NO_MATCH,0
34926,208117932,LG Black Freestanding Electric Range - LRE30757BK,LG 5.6 cu.ft. Freestanding Electric Range,1,NO_MATCH,0
27248,10246269,Belkin F3H982-10 Pro Series High Integrity 10 Feet Monitor Cable - F3H98210,Belkin Pro Series High Integrity VGA/SVGA Monitor Extension Cable - F3H982-10,1,MATCH,1
23097,207910214,Uniden 5.8GHz Accessory Handset And Charger - TCX905,Yamaha RX-V363 Home Theater Receiver - RXV363BL,0,NO_MATCH,0
33971,207391020,Panasonic Black 1080p Up-Conversion DVD Recorder - DMREA18K,Panasonic DMR-EA18K DVD Player/Recorder,1,MATCH,1
36260,10316920,LaCie USB 2.0 Floppy Disk Drive - 706018,LaCie Pocket Floppy Disk Drive - 706018,1,MATCH,1
33453,208504429,Yamaha 7.2 Channel Black Digital Home Theater Receiver - RXV863BK,Denon AVR-1609 A/V Receiver - AVR1609,0,NO_MATCH,0
33453,207876535,Yamaha 7.2 Channel Black Digital Home Theater Receiver - RXV863BK,Yamaha RX-V863 Home Theater Receiver - RXV863BL,1,MATCH,1
28175,204318286,Weber Genesis E-310 Natural Gas Black Outdoor Grill - 3841001,Weber Genesis Series E-310 3841001 60' Freestanding Gas Grill with 637 sq. in. Cooking Surface & 3 Stainless Steel Burners: Black Natural Gas,1,MATCH,1
37722,210401458,Apple iPod Nano Gray Armband - MB769GA,Apple iPod nano Armband - MB769G/A,1,MATCH,1
35237,207686035,TomTom Black Carry Case - 9UEA01700,TOMTOM ONE 130 Carry Bag - 9UEA.017.00,1,MATCH,1
33972,204556588,D-Link Wireless N USB Adapter - DWA130,D-Link DWA-130 Wireless N USB Adapter,1,MATCH,1
38876,210634625,Apple iWork 09 Software Individual Pack For Mac - MB942ZA,IWORK 09 RETAIL-INT DVD - MB942Z/A,1,MATCH,1
36260,207654105,LaCie USB 2.0 Floppy Disk Drive - 706018,Canon EOS Rebel XSi Digital SLR Camera with EF-S 18-55mm f/3.5-5.6 IS Lens - Silver - 2757B003,0,NO_MATCH,0
19631,208294701,Bose Second Zone Remote - PMC2,Samsung BDP-1500 Blu-ray DVD Player - BDP1500,0,NO_MATCH,0
31014,208464825,Universal RF Base Station - MRF260,Weber Summit E-620 Copper LP Gas Grill,0,NO_MATCH,0
26350,208167531,Panasonic KX-TGA450B Black 5.8 GHz Cordless Handset - KXTGA450B,Logitech QuickCam Vision Pro Webcam - 960-000254,0,NO_MATCH,0
37181,209705773,Apple 8GB Black 2nd Generation iPod Touch - MB528LLA,Apple iPod touch 8GB Flash Portable Media Player - MB528LLA,1,MATCH,1
30590,207543201,Panasonic 2 Line Integrated Corded Phone System - KXTSC14B,Panasonic KX-TG9348T Expandable Digital Cordless Phone,0,NO_MATCH,0
37499,90145561,Nintendo DS Lite Metallic Rose Portable Gaming System - NDSUSGSZPB,Sanus Flat Panel TV Wall Mount - VM400S,0,NO_MATCH,0
34553,204793356,Sony Stereo Bluetooth Speaker - SRSBTM30,Sony SRS-BTM30 Wireless Stereo Bluetooth Speaker - SRSBTM30,1,MATCH,1
36168,208171630,Flip Video F360 Black Mino Series Camcorder - F360B,Pure Digital Flip Mino Digital Camcorder - F360B,1,MATCH,1
33493,202870184,Canon PIXMA MX850 Multifunction Printer - MX850C,Garmin Cigarette Lighter Adapter for GPS Navigation - 010-10747-03,0,NO_MATCH,0
29825,205664966,LG DLE3733W White XL Capacity Electric Dryer - DLE3733WH,LG XL Capacity Electric Dryer,1,NO_MATCH,0
32358,208295050,Alpine CD-R/-RW/MP3/AAC/WMA Receiver - CDA9886,ALPINE CDA-9886 Car Audio Player - CDA9886,1,MATCH,1
33788,209393872,Panasonic Black Dect 6.0 Cordless Telephone - KXTG9333T,"Samsung LN46A860 46' LCD TV (Widescreen, 1920x1080, 50000:1, HDTV)",0,NO_MATCH,0
32561,207338879,Sony Mylo Black Personal Communicator - COM2BLACK,Sony Mylo COM-2 Personal Communicator - Black - COM2BLACK,1,MATCH,1
34899,207959814,Sony Black 9 Megapixel Cyber-Shot Digital Camera - DSCH50B,Sony Cyber-shot DSC-H50 Digital Camera - Black - DSCH50B,1,MATCH,1
37235,207391018,Sony BRAVIA Black SXRD 1080p Home Theater Front Projector - VPLHW10,Panasonic DVD-LS83 Portable DVD Player,0,NO_MATCH,0
33763,208112356,Sony DVP-FX820 Blue 8' Portable DVD Player - DVPFX820LI,Sony DVP-FX820/L Portable DVD Player - DVPFX820/L,1,MATCH,1
35903,202045875,Sony 2GB Memory Stick Micro (M2) - MSA2GU2,Panasonic NN-H965WF Luxury Full-Size 2-1/5-Cubic-Foot 1250-Watt Microwave Oven- White,0,NO_MATCH,0
38920,207543190,Transcend JetFlash V10 16GB USB Flash Drive - TS16GJFV10,Panasonic KX-TG9344T Expandable Digital Cordless Phone,0,NO_MATCH,0
27194,204318283,Weber Stainless Steel Genesis S320 LP Grill - 3780001,Weber Genesis S-320 3780001 60' Freestanding Gas Grill,1,MATCH,1
37010,202592699,Onkyo Black Stereo Receiver - TX8255,Directed Electronics Antenna Extension Cable - 14230,0,NO_MATCH,0
39038,208893656,Case Logic Black In-Car DVD Player Case - PDVK10,SB-900 AF SPEEDLIGHT W/-STND DIFFSN DOME FLT SET - 4807,0,NO_MATCH,0
33472,209896109,Transcend 2GB 133x Ultra Speed Compact Flash Card - TS2GCF133,MOTOROLA T305 BLUETOOTH VISOR SPEAKER PHONE CAR KIT - RETAIL - 89082J,0,NO_MATCH,0
18564,208653765,Whirlpool 24' Built-In Dishwasher - DU1055BK,Sony DPFD70 Digital Photo Frame,0,NO_MATCH,0
23006,202456880,Tivo Wireless Adapter - AG0100,Tivo AG0100 Wireless G USB Network Adapter,1,MATCH,1
22558,10412590,Netgear RangeMax Wireless Access Point - White Finish - WPN802NA,Netgear RangeMax WPN802 Wireless Access Point - WPN802NA,1,MATCH,1
18040,203151779,Delonghi Oil Filters - FK8,DeLonghi 6-pc. Replacement Filters for Deep Fryer,1,MATCH,1
34725,207666381,Sony 4GB Memory Stick PRO Duo Mark 2 Media Card - MSMT4G,Sony 4GB Memory Stick PRO Duo Card - MSMT4G,1,MATCH,1
34001,209297154,Sony Silver 1080p Upscaling 5-Disc DVD Player - DVPNC800HS,Sony DVP-NC800H/S DVD Player - DVP-NC800HS,1,MATCH,1
34286,209687172,Omnimount Moda Collection Series Dark Espresso TV Stand - ECHO50,Panasonic Lumix DMC-FZ28 Digital Camera - Black,0,NO_MATCH,0
6284,202812567,Bose 27028 161 Bookshelf Pair Speakers In White - 161WH,Boss 161 Speaker,1,NO_MATCH,0
25749,202861078,Sanus 15' - 40' VisionMount Flat Panel TV Black Wall Mount - MT25B1,Canon PSC-55 Deluxe Leather Camera Case - 1588B001,0,NO_MATCH,0
37716,202049393,Sanus 30' - 58' VisionMount Flat Panel TV Black Tilting Wall Mount - LT25B1,Audiovox XM6 Outdoor Home Antenna - XM-6,0,NO_MATCH,0
19141,208455897,Sanus Universal Projector Ceiling Mount -  Black Finish - VMPR1B,Sony DVP-FX820/P Portable DVD Player - DVPFX820/P,0,NO_MATCH,0
34282,207514566,Sony Black Soft Carrying Case - LCSX30,Sony Camcorder Case - LCSX30,1,MATCH,1
33784,10316920,Panasonic 5.8 GHz Black Expandable Digital Cordless Phone - KXTG4321B,LaCie Pocket Floppy Disk Drive - 706018,0,NO_MATCH,0
29880,204222662,Haier 20' ATSC Color Tube Television - HTR20,OmniMount CMK-MINI Mini Wall Mounted Cable Management System,0,NO_MATCH,0
18516,208226457,Panasonic Genius Countertop Microwave In White - NNH965WH,Maytag MMV4205BAQ Over-the-Range Microwave,0,NO_MATCH,0
38324,208941080,Griffin Black iPhone 3G Clarifi Protective Case With Built-In Close-Up Lens - 8245IP2MGNFI,Garmin AUTO NAV - 010-00715-20,0,NO_MATCH,0
38449,206576717,Linksys Dual-Band Wireless-N Gaming Adapter - WGA600N,Linksys WGA600N Wireless Gaming Adapter,1,MATCH,1
37183,208114683,Apple 32GB Black 2nd Generation iPod Touch - MB533LLA,LG 25 CF Refrigerator 3 Door White Tall,0,NO_MATCH,0
39054,208226689,OmniMount 37' - 63' Ultra Low Profile Series Large Flat Panel TV Black Mount - ULPTLBK,Speck Products SeeThru Case for Apple 13' MacBook - MB13-BLK-SEE-V2,0,NO_MATCH,0
29464,204793355,Sony Clip-On Black Headphones - MDRQ68LW,Sony MDR-Q68LW Stereo Earphone - MDRQ68LW,1,MATCH,1
31020,205835447,Sony HD-Handycam 1.5 Meters (5 Feet) HDMI Mini Cable - VMC15MHD,Sony High Definition HDMI to Mini-HDMI Cable - VMC15MHD,1,MATCH,1
30808,202899626,Panasonic 2GB SD Memory Card - SDV02GU1A,Linksys Wireless-N WRVS4400N Gigabit Security Router with VPN,0,NO_MATCH,0
27194,206362747,Weber Stainless Steel Genesis S320 LP Grill - 3780001,Polkaudio CSi A4 Black High Performance Center Channel Loudspeaker - AM4415-A,0,NO_MATCH,0
25732,209656935,Olympus Premium Slim Leather Case In Black - 202087,AppleCare for iPod touch or iPod classic - MB591LL/A,0,NO_MATCH,0
35694,208184891,Samsung S2 White 1GB Flash MP3 Player - YPS2ZW,Samsung YP-S2ZW 1GB Flash MP3 Player - YP-S2ZW/XAA,1,MATCH,1
32563,206615085,LaCie 500GB USB 2.0 External Hard Drive - 301302U,LaCie USB 2.0 External Hard Drive - 301302U,1,MATCH,1
33467,209890796,Sony Silver Cyber-Shot Digital Camera - DSCS750,VholdR 2200 Mount Adhesive (Black),0,NO_MATCH,0
22727,202619749,Weber Q 300 Liquid Propane Outdoor Grill - 426001,Weber Q 300 Gas Grill,1,MATCH,1
23296,201647442,Kingdom Hearts II Video Game For The Sony PS2 - 662248904115,Kingdom Hearts II,1,NO_MATCH,0
34007,207900174,Samsung 40' Series 6 LCD Black Flat Panel HDTV - LN40A650,Samsung HTZ410T Home Theater System - HTZ410T,0,MATCH,1
34095,207653548,Samsung 58' Black Flat Panel Series 5 Plasma HDTV - PN58A550,Samsung PN58A550 58' Plasma TV,1,MATCH,1
34976,208504300,Onkyo Black 7.1-Channel Home Theater System - HTS5100B,Onkyo HTS5100 Home Theater System - HTS5100B,1,MATCH,1
18960,202067544,Nikon AF Speedlight Accessory - SB600,Nikon Speedlight SB-600 AF Flash Light - 4802,1,MATCH,1
35175,208117922,LG 24' LDS4821BB Semi Integrated Built In Black Dishwasher - LDS4821BK,LG Semi-Integrated Electronic Panel with Digital Status Display,1,NO_MATCH,0
31830,205557539,Canon PIXMA MX700 Multifunction Printer - MX700C,Canon PIXMA MX700 Multifunction Photo Printer - 2186B002,1,NO_MATCH,0
28190,208464837,Weber 3758301 Blue Genesis EP-320 LP Gas Grill - 3758301,Weber Genesis EP-320 Blue LP Gas Grill,1,MATCH,1
33999,208112358,Sony Silver 1080p Upscaling DVD Player - DVPNS700HS,Sony DVP-NS700H/S DVD Player - DVPNS700HS,1,MATCH,1
32034,10333368,Kensington Orbit Optical Trackball Mouse - 64327,Kensington Orbit Optical Trackball - USB w/PS2 Adapter - 64327,1,MATCH,1
37257,209208719,Canon PIXMA Photo All-In-One Printer - MP980,Canon PIXMA MP980 Wireless All-in-One Color Photo Inkjet Printer - 2922B002,1,MATCH,1
29892,208715736,Maytag MED5900TW White Electric Dryer - MED5900TWH,7.0 Cu. Ft. Super Capacity Electric Dryer - MED5900TW,1,MATCH,1
32279,205985717,LG DLEX7177WM White XL Capacity Electric SteamDryer - DLEX7177WH,LGs New Electric SteamDryer,1,NO_MATCH,0
32546,202003159,Belkin Hi-Speed USB 2.0 7-Port Hub - F5U237APLS,Belkin Hi-Speed USB 2.0 7-Port Hub - F5U237-APL-S,1,MATCH,1
29338,208033486,Sony Memory Stick USB Adaptor - MSACUS40,ALPINE CDA-9887 Car Audio Player - CDA9887,0,NO_MATCH,0
24825,202900025,Panasonic Plain Paper Fax/Copier With Cordless Phone Answering System - Grey Finish - KXFG2451,Panasonic KX-FG2451 Plain Paper Thermal Transfer Fax/Copier - KX-FG2451,1,MATCH,1
33723,206356234,Polk Audio Sirius Satellite Radio Home Tuner - SRH1000,SIRIUS SRH1000 Polk Audio Designs? Dual Zone Home Tuner,1,MATCH,1
38296,210647824,Case-Mate Carbon Fiber Black Leather Case For iPhone 3G - IPH3GCBCF,CASE MATE CARBON FIBER IPHONE 3G CASE BLACK - IPH3GC-BCF,1,MATCH,1
28033,204448530,Sony MDR-NC22/BLK Black Noise Canceling Headphones - MDRNC22,Sony Noise Cancelling Earphone - MDRNC22/BLK,1,MATCH,1
35905,204238996,BlueAnt Supertooth Light Bluetooth Handsfree In Black - SUPERTOOTH,BlueAnt Supertooth Light Compact Bluetooth Speakerphone -- Black - 093744,1,NO_MATCH,0
37803,204264643,Logitech White V470 Cordless Laser Mouse For Apple Notebooks - 910000692,"PLD4555RFC Professional SpeedClean 24-in. Under Counter Dishwasher (14 Place Settings, Stainless Steel, Energy Star)",0,NO_MATCH,0
38640,206901652,Transcend 2.5' SATA Solid State Disk - TS128GSSD25SM,Griffin RoadTrip with SmartScan FM Transmitter - 4040-RDTRPB,0,NO_MATCH,0
34899,208410812,Sony Black 9 Megapixel Cyber-Shot Digital Camera - DSCH50B,Nintendo DS Lite (Metallic Silver),0,NO_MATCH,0
37648,209122921,Canon Printer Gray Ink Cartridge - CLI221GRY,Canon CLI-221 Gray Ink Cartridge - 2950B001,1,NO_MATCH,0
27778,205844282,Sony LCS-CSJ Black Soft Carrying Case - LCSCSJ,Sony LCS-CSJ Soft Camera Case - LCSCSJ,1,MATCH,1
38473,205985717,Linksys EtherFast4116 16-Port 10/100 Ethernet Switch - EF4116,LGs New Electric SteamDryer,0,NO_MATCH,0
24368,206901619,Panasonic Digital Camera Battery - CGAS007A1B,13in Crt Tv/dvd Combo - TCR13,0,NO_MATCH,0
34007,204791643,Samsung 40' Series 6 LCD Black Flat Panel HDTV - LN40A650,Kenwood iPod-Video Direct Adapter - KCAiP300V,0,NO_MATCH,0
5644,203151776,Sony 5 Disc CD Player - CDPCE375,White .5 cu. ft 1500 Watt Convection/Broiler/Toaster Oven,0,NO_MATCH,0
34021,207652056,Samsung 46' Series 5 LCD Black Flat Panel HDTV - LN46A550,Samsung LN46A550 46' LCD TV,1,MATCH,1
39038,204348269,Case Logic Black In-Car DVD Player Case - PDVK10,"Case Logic 10' In-Car DVD Player Case - 11' x 9.25' x 4' - Nylon, Koskin - Black (Black)",1,MATCH,1
34928,208117931,LG 5.6 Cu. Ft. White Freestanding Electric Range - LRE30453WH,LG 5.6 cu.ft. Freestanding Electric Range,1,NO_MATCH,0
20448,90145568,Sony VAIO Neoprene Laptop Carrying Case - Black Finish - VGPAMC3,Sanus Under Cabinet LCD TV Mount - VMUC1S,0,NO_MATCH,0
34093,207660499,Samsung 50' Black Flat Panel Series 5 Plasma HDTV - PN50A550,Samsung PN50A550 50' Plasma TV,1,MATCH,1
32055,203142438,Twenty20 VholdR Wearable Camcorder Bundle - 1102,Sony 17-in-1 External USB Memory Card Reader And Writer - MRW62E/S1/181,0,NO_MATCH,0
32688,208033808,Pioneer Single Din CD Receiver - DEHP3000IB,Pioneer DEH-P3000IB Car Audio Player,1,MATCH,1
38173,10373002,Panasonic DECT 6.0 2-Line Digital Expandable Corded/Cordless Phone System - KXTG9391T,Sony VAIO Notebook and AC Adapter Case - VGPAMC2,0,NO_MATCH,0
28304,203405814,Fellowes MicroShred Shredder - MS450CS,Fellowes MicroShred MS-450Cs Shredder - 3245001,1,MATCH,1
28190,207552185,Weber 3758301 Blue Genesis EP-320 LP Gas Grill - 3758301,Olympus EVOLT E-420 Digital SLR Camera With 14 - 42mm f/3.5-f/5.6 Zuiko Digital Zoom Lens - Black - 262081,0,NO_MATCH,0
22798,202143942,Sanus VMAV Black VisionMount Component Wall Shelf VMAVB In Black - VMAVB,Sanus VCD/DVD Wall Mount - VMAVB,1,MATCH,1
6493,208117930,Denon Stereo Tuner - TU1500RD,LG 5.6 cu.ft. Freestanding Electric Range,0,NO_MATCH,0
6742,202845629,Panasonic Yeast Pro Automatic Breadmaker - SDYD250,Panasonic SDYD250 Automatic Bread Maker,1,MATCH,1
34708,208186248,Onkyo Black CD Receiver System - CS325,Onkyo CS-325 Stereo CD Receiver Mini Audio System,1,MATCH,1
10101,208033806,Omnimount Wall Speaker Mount - 20WLBK,Pioneer DEHP400UB Car Audio Player,0,NO_MATCH,0
23635,210520736,Panasonic Network Camera - White Finish - BLC1A,Samsung LN32A450 32' 720p LCD HDTV,0,NO_MATCH,0
29677,204884519,Monster iFreePlay Cordless Headphones For iPod Shuffle - AISHHPHONE,Monster Cable iFreePlay Cordless Headphone - AI SH HPHONE,1,MATCH,1
36811,206462228,Nikon Pink 10 Megapixel COOLPIX Digital Camera - COOLPIXS60PNK,Linksys RangePlus WRT160N 4-Port Wireless-N Broadband Router - WRT160N,0,NO_MATCH,0
33298,206526266,SIRIUS SiriusConnect Vehicle Kit In Black - SCVDOC1,SIRIUS SCVDOC1 SiriusConnect? Universal Vehicle Kit,1,MATCH,1
29861,210520736,LG LSC21943ST Stainless Steel Side By Side Refrigerator - LSC21943SS,Samsung LN32A450 32' 720p LCD HDTV,0,NO_MATCH,0
33786,206783256,Panasonic 5.8 GHz Black Expandable Digital Cordless Phone System - KXTG4323B,LaCie Little Disk Hard Drive - 301829,0,NO_MATCH,0
34220,209869342,LG 42' Black Plasma Flat Panel HDTV - 42PG20,"LG 42PG20 - 42' Widescreen 720p Plasma HDTV - 20,000:1 Dynamic Contrast Ratio",1,MATCH,1
33488,209297205,Sony Red Cyber-Shot Digital Camera - DSCW170R,GE GSD2400NWW Dishwasher with 5 Wash Cycles - gsd2400nww,0,NO_MATCH,0
28397,207652053,GE Pre-Amplifier For Stereo Turntable - AV23292,SAMSUNG DVD HM THEATER SYS 5 DISC NIC - HT-Z410/XAA,0,NO_MATCH,0
32017,202916547,Microsoft Office Standard 2007 - 02107746,Microsoft Office 2007 Standard - 021-07746,1,MATCH,1
22100,201953026,Canon High Capacity Color Ink Cartridge - Color Ink - CL51,"Canon CL-51 High Capacity Color Ink Cartridge For PIXMA MP450, PIXMA iP6210D and PIXMA iP6220D Printers - 0618B002",1,NO_MATCH,0
13213,203025617,Sony Compact Disc Player/Recorder - RCDW500C,Sony Compact Disc Player/Recorder - RCDW500C,1,MATCH,1
30585,204206934,Panasonic Expandable Digital Cordless DECT 6.0 Phone System - KXTG1032S,Panasonic KX-TG1032S Dual Handset Digital Cordless Phone,1,MATCH,1
18516,202045875,Panasonic Genius Countertop Microwave In White - NNH965WH,Panasonic NN-H965WF Luxury Full-Size 2-1/5-Cubic-Foot 1250-Watt Microwave Oven- White,1,MATCH,1
37803,207875395,Logitech White V470 Cordless Laser Mouse For Apple Notebooks - 910000692,Logitech V470 Cordless Laser Mouse for Notebooks - 910-000692,1,MATCH,1
25902,202479411,Lowepro Digital Camera Case In Black - REZO15BK,"Lowepro Rezo 15 Camera Case - MicroFiber, Ripstop Nylon - Black (Black)",1,MATCH,1
36029,208504045,Canon NB-5L Lithium Battery - 1135B001,Panasonic Viera TH-50PZ850U 50' Plasma TV,0,NO_MATCH,0
30206,90114398,OmniMount CMK White Wall Cable Management Kit - CMKMINI,Panasonic KX-TCA86 Headset,0,NO_MATCH,0
31337,203884610,Sirius SiriusConnect Home Tuner - SCH1,Directed Electronics SCH1 SiriusConnect Home Tuner,1,MATCH,1
28149,203131412,LG WM3431HS All-In-One Front Load Titanium Washer And Dryer Combo - WM3431TT,LG Electronics 24' Front-Load All-In-One Washer and Dryer: Titanium,1,MATCH,1
38880,210634626,Apple iWork 09 Software Family Pack For Mac - MB943ZA,IWORK 09 FAMILY PACK-INT DVD - MB943Z/A,1,MATCH,1
37142,209194241,Nikon D90 Black Digital SLR Camera - D90BODY,"Nikon D90 12 Megapixel Digital SLR Camera w/ 3' LCD, Live View, 4.5 fps Burst & In-Camera Image Editing - Body Only - 25446",1,MATCH,1
21267,203087865,Garmin Streetpilot C Series Vehicle Suction Mount - Black Finish - 0101060900,Garmin Vehicle Suction Mount - 010-10609-00,1,MATCH,1
19628,202778257,Pioneer Wired Marine Remote Control Display - CDMR80D,Pioneer Nautica Marine Remote Control,1,NO_MATCH,0
29072,203396159,Alpine 2-DIN DVD/CD/MP3/WMA Receiver/AV Head Unit - IVAW205,Canon CB-2LX Battery Charger - 1133B001,0,NO_MATCH,0
30962,202049393,Canon EOS 40D Digital SLR Camera And 28-135MM Lens - EOS40D28135,Audiovox XM6 Outdoor Home Antenna - XM-6,0,NO_MATCH,0
37807,207682397,Logitech Black V450 Nano Cordless Laser Mouse For Notebooks - 910000619,Logitech V450 Nano Cordless Laser Mouse For Notebooks - 910-000619,1,MATCH,1
30196,203888987,Denon 7.1 Channel Home Theater MultiMedia A/V Receiver With Networking And WiFi - AVR4308CI,Panasonic Srtmb10/Rice Cooker/5.5cup/Fuzzy - SR-TMB10,0,NO_MATCH,0
36022,208226697,Speck Green 13' MacBook See Thru Hard Shell Case - MB13GRNSEEV2,Speck Products SeeThru Case for Apple 13' MacBook - MB13-GRN-SEE-V2,1,MATCH,1
24615,203340555,Nikon 55-200MM Zoom-Nikkor Lens Accessory - 2156,Nikon 55-200mm f/4-5.6G ED AF-S DX Telephoto Zoom Lens - 55200MMLENS,1,NO_MATCH,0
28979,204559213,Panasonic Countertop Microwave Oven In Black - NNSN667BK,Panasonic NNSN667B 1.2 cu. ft. Countertop Microwave Oven In Black,1,MATCH,1
26563,209705778,Sony Digital Photo Printer Paper 120 Pack - SVMF120P,"Canon EOS 50D 15 Megapixel SLR Digital Camera w/28-135MM IS USM Lens, Live View & Face Detection, 3' LCD, 6.3fps, DIGIC 4 Image Processor & HDMI output - 2807B005",0,NO_MATCH,0
37091,207390618,Sony Cyber-Shot Black Digital Camera - DSCT500B,Sony Cyber-shot DSC-T300 Digital Camera - Black - DSCT300/B,1,NO_MATCH,0
38784,204345240,Sanus 30' - 50' Full-Motion Flat Panel TV Black Wall Mount - LRF118B1,PANASONIC 2GB SD CARD PROHISPD 20 MB/SEC - RP-SDV02GU1A,0,NO_MATCH,0
34637,209934620,Sony Black Speaker Dock And Clock Radio For iPod And iPhone - ICFC1IPMK2BLK,SONY IPOD/PHONE DOCK CLOCK RADIO BLACK NIC - ICFC1IPMK2BLK,1,MATCH,1
36295,204587971,Sony 8cm MiniDVD-R Camcorder Media 3 Pack - 3DMR30R1H,Nikon 55-200mm f/4-5.6G ED IF AF-S DX VR Zoom Telephoto Nikkor Lens - Niko_216687518,0,NO_MATCH,0
32875,202870173,Garmin 010-10723-02 Carrying Case - 0101072302,Garmin Leather GPS Case,1,MATCH,1
37145,210461432,Garmin Nuvi 765T GPS Navigation System - 0100071520,PAN NN-TK903S MICROWAVE OVEN .08 CU. FT.,0,NO_MATCH,0
37811,209245960,Sony VAIO LV Series Silver All-In-One Desktop Computer - VGCLV150J,Sony VAIO LV All-in-One Desktop - VGCLV150J,1,MATCH,1
35334,208504396,Mitsubishi 835 Diamond Series 73' 1080p DLP Rear Projection HDTV - WD73835,Mitsubishi Diamond WD-73835 73' Projection TV - WD73835,1,MATCH,1
36027,205599984,Canon Battery Charger - 1133B001,Canon EOS 40D Digital SLR Camera - 1901B004,0,NO_MATCH,0
29820,202882380,Linksys Wireless N Access Point - WAP4400N,Linksys WAP4400N Wireless-N Access Point With POE - WAP4400N,1,MATCH,1
33581,207388759,Panasonic VIERA 46' Plasma Flat Panel 1080p HDTV In Black - TH46PZ80U,Panasonic Viera TH-46PZ80U 46' Plasma TV,1,MATCH,1
24572,202537969,Panasonic 5.8GHz Add-On Handset For The KXTG6700B Phone System - Black Finish - KXTGA670B,Panasonic KX-TGA670B Cordless Handset,1,MATCH,1
34648,207919773,Samsung 46' Series 7 LCD Black Flat Panel HDTV - LN46A750,Samsung 7 Series LN46A750 46' LCD TV - LN46A750R1FXZA,1,MATCH,1
17906,202785722,Frigidaire Electric Dryer - FEQ1442WH,Canon NB-5L Lithium-Ion Digital Camera Battery - 1135B001,0,NO_MATCH,0
34848,201953025,LG Stainless Steel Freestanding Electric Range - LRE30453SS,Canon CLI-8PM Photo Magenta Ink Cartridge - 0625B002,0,NO_MATCH,0
33488,204792886,Sony Red Cyber-Shot Digital Camera - DSCW170R,"LG Electronics WM2016CW 27' Front-Load Washer with 3.5 cu. ft. Capacity, 5 Wash Programs, 5 Temperature Levels, 1050 RPM Maximum and SenseClean System",0,NO_MATCH,0
20447,90128026,Sony DVD-R Recordable Camcorder Media - 3DMR30L1H,Sony Mini DVD-R Media - 3DMR30L1H,1,MATCH,1
37150,202104453,Toshiba Black 15' LCD Flat Panel HDTV/DVD Combo - 15LV505,Linksys Wireless-G WUSB54GC Compact USB Adapter,0,NO_MATCH,0
33298,202026554,SIRIUS SiriusConnect Vehicle Kit In Black - SCVDOC1,Canon EF 70-300mm f/4-5.6 IS USM Telephoto Zoom Lens - 0345B002,0,NO_MATCH,0
33908,202045875,Panasonic Black Blu-ray Disc Theater Sound System - SCBT100,Panasonic NN-H965WF Luxury Full-Size 2-1/5-Cubic-Foot 1250-Watt Microwave Oven- White,0,NO_MATCH,0
36556,207338890,Panasonic VIERA 58' 1080p Plasma HDTV In Black - TH58PZ850U,Sharp AQUOS LC-32D64U 32' LCD TV,0,NO_MATCH,0
34883,208893644,TomTom ONE XL 330S Car GPS Navigation System - 1EG005201,TomTom XL 330 S Portable GPS Sysytem - Text to Speech - 4.3' Touchscreen - 1EG0.052.01,1,MATCH,1
36458,208237795,Speck SeeThru Purple Hard Shell Case For 15' MacBook - MB15PURSEEV2,Speck Products SeeThru Case for Apple 15' MacBook Pro - MB15-PUR-SEE-V2,1,MATCH,1
33713,206812380,Sharp Aquos 37' LCD HDTV In Black - LC37D44U,Sharp AQUOS LC37D44U 37' LCD TV - LC37D44U,1,MATCH,1
36345,204407682,Transcend 8GB SDHC Card And Compact Card Reader - TS8GSDHC6S5W,Transcend 8GB Secure Digital High Capacity (SDHC) Card - Class 6 - TS8GSDHC6,1,NO_MATCH,0
22187,205144562,Nikon 18-200mm Nikkor Zoom Lens - Black Finish - 2159,TiVo HD Digital Video Recorder - Up to 20 Hours in HD! - TCD652160,0,NO_MATCH,0
36494,204740975,LaCie 2TB Ethernet Big Disk External Hard Drive - 301239U,LaCie Big Disk Ethernet Network Storage Server - 301239U,1,MATCH,1
6742,210267015,Panasonic Yeast Pro Automatic Breadmaker - SDYD250,Flip Video MinoHD 60 min Black - F460B,0,NO_MATCH,0
34895,203379250,Sony 52' BRAVIA V-Series Black LCD Flat Panel HDTV - KDL52V4100,LG Electronics WM0642HW Front Load Washing Machine with 7 Washing Programs,0,NO_MATCH,0
20534,203022202,Pioneer Voice Command Pack - Black Finish - CDVC1,Pioneer Car Audio Remote Control - CDVC1,1,MATCH,1
36990,201692665,Canon VIXIA 60GB High Definition Hard Disc Drive Black Camcorder - HG20,"Canon Ink Cartridge For PIXMA iP4200, iP5200, iP5200R and iP6600D Printers - 0620B002",0,NO_MATCH,0
25532,208280406,GE Futura Indoor TV Antenna - Silver Finish - TV24746,Ge 24746 Futura(tm) Indoor Hdtv Antenna,1,MATCH,1
28981,204559214,Panasonic Countertop Microwave Oven In White - NNSN667WH,Panasonic NNSN667W 1.2 cu. ft. Countertop Microwave Oven In White,1,MATCH,1
36988,208156879,Canon VIXIA 120GB High Definition Hard Disc Drive Black Camcorder - HG21,LG 2.0 cu.ft. Over the Range Microwave Oven,0,NO_MATCH,0
30591,203915639,Audiovox XpressEZ XM Satellite Radio Receiver - XMCK5P,"PLD4375RFC Professional SpeedClean 24-in. Under Counter Dishwasher (14 Place Settings, Stainless Steel)",0,NO_MATCH,0
25950,202870170,Garmin 010-10702-00 Black GA 25MCX Remote GPS Antenna - 0101070200,Garmin GA 25MCX Low Profile Remote GPS Antenna - 010-10702-00,1,MATCH,1
25905,202985950,Lowepro Digital Camera Case In Black - EDIT100BK,Nintendo DS Lite (Black Onyx) - USGSKB,0,NO_MATCH,0
20466,201692695,Canon Black Ink Cartridge - Black - PG40BK,Canon Black Ink Cartridge - 0615B002,1,NO_MATCH,0
34961,201701865,LG LFX25971SW 24.7 Cu. Ft. Smooth White French Door Bottom Freezer Refrigerator - LFX25971WH,Peerless Universal Tilt Wall Mount,0,NO_MATCH,0
36367,209302310,Canon EOS Rebel XS Black Digital SLR Camera - XSREB1855B,Sony VAIO CS110E/R Notebook - VGNCS110E/R,0,NO_MATCH,0
33431,207390644,Sony Silver MiniDV Handycam Camcorder - DCRHC52,Sony Handycam DCR-HC52 Digital Camcorder - DCRHC52,1,MATCH,1
33938,208464825,Weber Summit E-620 Copper Liquid Propane Gas Outdoor Grill - 1752001,Weber Summit E-620 Copper LP Gas Grill,1,MATCH,1
36143,10221960,Sony Bud Style Headphones In Red - MDRED12LPRED,Netgear ProSafe FS105 Ethernet Switch - FS105NA,0,NO_MATCH,0
34256,204587803,Weber Cast Iron Griddle - 7531,Nikon 18-200mm 3.5-5.6 G ED DX AFS VR Zoom Wide Angle Nikkor Lens - Niko_215930348,0,NO_MATCH,0
38477,10011646,Linksys EtherFast 8-Port 10/100 Switch - EZXS88W,Linksys EtherFast EZXS88W Ethernet Switch - EZXS88W,1,MATCH,1
35519,208930714,BlueAnt Black Bluetooth Headset - Z9I,"Nikon COOLPIX S60 10 Megapixel Digital Camera w/ 5x Optical Zoom, Optical VR Image Stabilization, 3.5' High Res Touch Panel LCD, HD Pictmotion Slide Shows, & Autofocus and Auto Exposure - Pink - 26132",0,NO_MATCH,0
27407,201959840,Sony SCPH-98046 PlayStation 3 Blu-Ray DVD Remote Control - 711719804604,"DeLonghi DC50B Twenty Four Seven Drip Coffee Maker, Black",0,NO_MATCH,0
26615,209687172,Logitech Harmony 1000 Silver Touch Screen Remote Control - H1000,Panasonic Lumix DMC-FZ28 Digital Camera - Black,0,NO_MATCH,0
34393,201701865,Polk Audio CSI A4 Cherry Center Channel Loudspeaker - CSIA4CH,Peerless Universal Tilt Wall Mount,0,NO_MATCH,0
23651,202784323,Pioneer 6.5' 2-Way Marine White Speakers - TSMR1640,Pioneer Nautica TS-MR1640 Marine Speaker - TS-MR1640,1,MATCH,1
28971,203405815,Altec Lansing inMotion iPod Portable Audio System - IM600USB,Fellowes Powershred Personal SB-97Cs Confetti Cut Shredder - 3219701,0,NO_MATCH,0
34156,208289997,Transcend 4GB Micro Secure Digital Memory Card - TS4GUSDHC6,Transcend 4GB microSDHC Card (Class 6) - TS4GUSDHC6,1,MATCH,1
33271,210399777,Canon Vixia High Definition Camcorder - HF100,Canon Rebel XSi/XS Starter Kit - 9320A009,0,NO_MATCH,0
35800,208504190,Panasonic Expandable Bluetooth-Enabled DECT 6.0 Phone System - KXTH1212B,Panasonic KXTH1212B,1,MATCH,1
36718,208930723,Nikon Graphite Black 14.5 Megapixel COOLPIX Digital Camera - COOLPIXS710BK,"Nikon COOLPIX S710 14 Megapixel Digital Camera w/3.6x Optical Wide-Angle Zoom, 3' LCD, Smile Mode, In-Camera Red-Eye Fix - Black - 26127",1,MATCH,1
27479,208504045,Tripp-Lite PV375 PowerVerter 375-Watt Ultra-Compact Inverter - PV375,Panasonic Viera TH-50PZ850U 50' Plasma TV,0,NO_MATCH,0
35218,204230770,Garmin Nuvi 255W GPS Navigation System - 0100071820,Sanus MF215-B1 Extending Full Motion Mount,0,NO_MATCH,0
11338,209656950,Sony Xplod 10-Disc Add-On CD/MP3 Changer - CDX565MXRF,Apple iPod Classic 120GB Hard Drive Portable Media Player - MB562LL/A,0,NO_MATCH,0
33493,205761272,Canon PIXMA MX850 Multifunction Printer - MX850C,Sony Universal Remote Control - RM-EZ4,0,NO_MATCH,0
29304,206901618,Haier 13' Silver Tube TV - HTR13,13in Crt Tv W/atsc Tuner - HTR13,1,MATCH,1
33159,202473822,Cuisinart Stainless Steel 4-Quart Programmable Slow Cooker - PSC400,SONY COMPACT TRIPOD 14'/39' *NIC* - VCTR100,0,NO_MATCH,0
28963,90140166,Sirius External Home Antenna - 14240,Sony CDX-565MXRF 10-Disc CD/MP3 Changer,0,NO_MATCH,0
33045,207900175,Canon Red Photo Ink Cartridge - CLI8R,Samsung LN19A450 19' LCD TV,0,NO_MATCH,0
24368,202899996,Panasonic Digital Camera Battery - CGAS007A1B,Panasonic CGA-S007A/1B Lithium Ion Digital Camera Battery,1,MATCH,1
9546,208294904,Frigidaire 24' White Built-In Dishwasher - FDB130WH,Frigidaire FDB130RGS 24' Built-In Dishwasher (White),1,MATCH,1
34136,207897840,Samsung 61' Black DLP Projection HDTV - HL61A650,Sharp LC26DV24U 26' TV/DVD Combo,0,NO_MATCH,0
38324,209393521,Griffin Black iPhone 3G Clarifi Protective Case With Built-In Close-Up Lens - 8245IP2MGNFI,Griffin 8245-IP2MGNFI Clarifi Protective case for Smartphone,1,MATCH,1
25813,207536225,Tech Craft Avalon Series TV Stand - Black Finish - ABS32,Garmin nvi 255W Automobile Navigator - 010-00718-20,0,NO_MATCH,0
22042,202238311,Logitech Harmony 890 Advanced Universal Remote Control - H890,"Logitech Harmony 890 Advanced Universal Remote - HDTV, TV, DVD Player(s), Lighting, Audio System - 100 ft - Universal Remote - 966193-0403",1,MATCH,1
38726,202479417,Sanus SC1A Black VisionMount Series Ceiling Mount For Small LCD Flat Panels - SC1AB,"Lowepro SlingShot 200 AW Camera Backpack - Backpack - MicroFiber, Ripstop Nylon - Black, Gray (Black)",0,NO_MATCH,0
32187,209896109,Motorola Portable Bluetooth Car Kit Speaker Phone - T305,MOTOROLA T305 BLUETOOTH VISOR SPEAKER PHONE CAR KIT - RETAIL - 89082J,1,MATCH,1
28978,208453648,Panasonic Stainless Steel Countertop Microwave Oven - NNSD377SS,Sony Z591U/B Notebook - VGNZ591U/B,0,NO_MATCH,0
34135,205521002,Samsung 56' Black Widescreen Series 6 DLP HDTV - HL56A650,Bracketron Nav-Mat Portable GPS Dash Mount - UFM-100-BL,0,NO_MATCH,0
27793,204292473,Weber Genesis S-310 Natural Gas Stainless Steel Outdoor Grill - 3870001,Weber Genesis Series S-310 60' Freestanding Gas Grill,1,MATCH,1
17094,203151930,Delonghi Twenty Four Seven Coffee Maker - DC50W,DeLonghi 4-Cup Drip Coffee Makers,1,NO_MATCH,0
24921,203340806,Sony DSCH2 Soft Carrying Camera Case - Black Finish - LCSCSH,Sony LCS-CSH Soft Camera Case - LCSCSH,1,MATCH,1
38492,206725966,Sony Telephoto Converter Lens - VCLDH1774,Sony VCL-DH1774 Telephoto Lens - VCLDH1774,1,MATCH,1
32744,204787746,Sirius Satellite Radio Universal Car Tuner - SCC1,Tvio Wireless USB Network Adpator,0,NO_MATCH,0
33444,208504045,Sony High Definition DVD Handycam Camcorder - HDRUX10,Panasonic Viera TH-50PZ850U 50' Plasma TV,0,NO_MATCH,0
33790,205691190,Sony Silver Digital Voice Recorder - ICDB600,Sony MDREX81LP Comfort Fit Ear Hanger Headphones- Choose Color (Black),0,NO_MATCH,0
33496,208117930,Canon Silver 8.0 Megapixel PowerShot Digital Camera - SD1100IS,LG 5.6 cu.ft. Freestanding Electric Range,0,NO_MATCH,0
38726,210520736,Sanus SC1A Black VisionMount Series Ceiling Mount For Small LCD Flat Panels - SC1AB,Samsung LN32A450 32' 720p LCD HDTV,0,NO_MATCH,0
38640,204559210,Transcend 2.5' SATA Solid State Disk - TS128GSSD25SM,Panasonic NNSD797S 1.6 cu. ft. Genius Prestige Inverter Stainless Steel Microwave Oven,0,NO_MATCH,0
37142,203888987,Nikon D90 Black Digital SLR Camera - D90BODY,Panasonic Srtmb10/Rice Cooker/5.5cup/Fuzzy - SR-TMB10,0,NO_MATCH,0
14061,208085178,Kenwood 6-Disc CD Changer - KDCC669,Pioneer Cd-sb10 Sirius Interface Cable - CD-SB10,0,NO_MATCH,0
23686,10333848,Linksys EtherFast 4124 24-Port Ethernet Switch - EF4124,Linksys EtherFast EF4124 Ethernet Switch,1,MATCH,1
33438,207390650,Sony 30GB Handycam Hard Disk Drive Camcorder - DCRSR45,Sony Handycam DCR-SR45 Digital Camcorder - DCRSR45,1,MATCH,1
29072,208456130,Alpine 2-DIN DVD/CD/MP3/WMA Receiver/AV Head Unit - IVAW205,ALPINE IVA-W205 Car Video Player,1,MATCH,1
26117,204587909,Universal MRF-350 RF Black Base Station - MRF350,Universal Remote Control MRF-350 Addressable Narrow Band RF Base Station with RFX-250 Antenna,1,MATCH,1
33458,210401450,Apple MacBook Air SuperDrive - MB397GA,Apple 8x DVDRW Drive - MB397G/A,1,MATCH,1
32990,206812505,Toshiba Black Progressive Scan DVD Player - SD4100,Toshiba SD-4100 DVD Player,1,MATCH,1
36118,207660498,Griffin iPod DirectDeck Universal Cassette Adapter - 7256DDECK,Samsung 5 Series LN37A550 37' LCD TV,0,NO_MATCH,0
10101,90106172,Omnimount Wall Speaker Mount - 20WLBK,OmniMount Universal Wall Speaker Mounting Kit - 20.0 WALL-B,1,NO_MATCH,0
9314,90138520,Panasonic Hands Free Headset  - KXTCA92,Panasonic KX-TCA92 Headset,1,MATCH,1
30808,208294701,Panasonic 2GB SD Memory Card - SDV02GU1A,Samsung BDP-1500 Blu-ray DVD Player - BDP1500,0,NO_MATCH,0
33478,208409750,Sony Gold Cyber-Shot Digital Camera - DSCW150N,Yamaha YSP-3050 Digital Sound Projector - YSP-3050BL,0,NO_MATCH,0
33997,207390717,Sharp AQUOS 37' Black LCD HDTV - LC37D64U,Sharp AQUOS LC-37D64U 37' LCD TV,1,MATCH,1
33653,207544265,Toshiba White 19' LCD HDTV DVD Combo - 19LV506,DNX5120 All-in-One Navigation/DVD Entertainment System,0,NO_MATCH,0
37539,202143942,Sony Blu-Ray Disc Player - BDPS550,Sanus VCD/DVD Wall Mount - VMAVB,0,NO_MATCH,0
29827,205844283,LG Pearl Gray XL Capacity Electric Dryer - DLE5955G,Sony LCS-CSQ Soft Cyber-shot Camera Case - LCSCSQ/B,0,NO_MATCH,0
28554,204443417,Olympus PS-BLS1 Lithium Ion Rechargeable Battery - LIIONPSBLS1,Olympus PS-BLS1 Lithium Ion Digital Camera Battery - 260236,1,NO_MATCH,0
34300,207543192,Panasonic DECT 6.0 Expandable Digital Cordless Phone With All-Digital Answering System - KXTG9342T,Panasonic KX-TG9342T Cordless Phone,1,MATCH,1
34897,208504421,Sony 52' BRAVIA W-Series Black LCD Flat Panel HDTV - KDL52W4100,Sony BRAVIA W Series KDL-52W4100 52' LCD TV - KDL52W4100,1,MATCH,1
32625,201935116,Logitech diNovo Media Desktop Laser Keyboard And Mouse Combo - 967562,Logitech diNovo Media Desktop Laser - 967562-0403,1,MATCH,1
37796,210239335,Escort Passport 9500IX Radar Detector - 9500IX,Escort Passport 9500ix Radar/Laser Detector,1,MATCH,1
34894,208504340,Sony 46' BRAVIA W-Series Black LCD Flat Panel HDTV - KDL46W4100,Sony BRAVIA W Series KDL-46W4100 46' LCD TV - KDL46W4100,1,MATCH,1
33444,207667995,Sony High Definition DVD Handycam Camcorder - HDRUX10,"Handycam HDR-UX10 DVD Camcorder (15x Opt, 180x Dig, 2.7' LCD) - HDRUX10",1,MATCH,1
29338,208342520,Sony Memory Stick USB Adaptor - MSACUS40,Griffin Elan Form for iPhone 3G - 8223-IP2EFRMB,0,NO_MATCH,0
33581,203379250,Panasonic VIERA 46' Plasma Flat Panel 1080p HDTV In Black - TH46PZ80U,LG Electronics WM0642HW Front Load Washing Machine with 7 Washing Programs,0,NO_MATCH,0
36635,208409750,Yamaha Black Digital Sound Projector - YSP3050BK,Yamaha YSP-3050 Digital Sound Projector - YSP-3050BL,1,MATCH,1
36718,210479062,Nikon Graphite Black 14.5 Megapixel COOLPIX Digital Camera - COOLPIXS710BK,Simpletech 2GB SD Card - 3505B001AA,0,NO_MATCH,0
35552,202870174,Garmin Vehicle Adjustable Suction Cup Mount - 0101082303,Garmin Vehicle Suction Cup mount,0,MATCH,1
33971,208042911,Panasonic Black 1080p Up-Conversion DVD Recorder - DMREA18K,Z-Line Designs ZL23-44MU Portland Flat Panel TV Stand with Integrated Mount,0,NO_MATCH,0
28397,208043057,GE Pre-Amplifier For Stereo Turntable - AV23292,Nintendo DS Lite (Metallic Rose) - USGSZPB,0,NO_MATCH,0
27779,205844283,Sony LCS-CSQ/B Black Soft Carrying Case - LCSCSQB,Sony LCS-CSQ Soft Cyber-shot Camera Case - LCSCSQ/B,1,MATCH,1
27920,206725724,DeLonghi Magnifica Super-Automatic Espresso/Coffee Machine - ESAM3300,DeLonghi ESAM3300 Esclusivo Magnifica Super-Automatic Espresso/Coffee Machine,1,MATCH,1
35900,208190046,Canon White Selphy CP760 Compact Photo Printer - 2565B001,Canon SELPHY CP760 Dye Sublimation Printer - 2565B001,1,MATCH,1
38106,202619749,Canon Black EF 70-300mm F/4-5.6 IS USM Telephoto Zoom Lens - 0345B002,Weber Q 300 Gas Grill,0,NO_MATCH,0
30436,204563949,Olympus DS40 Digital Voice Recorder - DS40R,Pioneer CD-R55 Wireless Remote for Avic-D3/4900DVD - CDR55,0,NO_MATCH,0
35851,206462228,Linksys Ultra RangePlus Wireless-N Broadband Router - WRT160N,Linksys RangePlus WRT160N 4-Port Wireless-N Broadband Router - WRT160N,1,MATCH,1
36803,207469300,Sony VAIO Black USB Docking Station - VGPUPR1,Sony VAIO USB Docking Station - VGPUPR1,1,MATCH,1
37457,209026634,Toshiba 42' Regza TheaterWide Black Flat Panel LCD HDTV - 42RV535U,Toshiba 42RV535U - 42' Widescreen 1080p LCD HDTV w/ Cinespeed - Piano Black,1,MATCH,1
35309,208504378,LG 32' Black LCD Flat Panel HDTV With Built In DVD Player - 32LG40,LG 32LG40 32' TV/DVD Combo,1,MATCH,1
37150,208504339,Toshiba Black 15' LCD Flat Panel HDTV/DVD Combo - 15LV505,Sony BRAVIA M Series KDL-32M4000 32' LCD TV - KDL32M4000,0,NO_MATCH,0
35153,206887905,Weber Q 320 Liquid Propane Table And Outdoor Grill - 586002,Weber Q 320 Gas Grill,1,MATCH,1
34905,207514568,Sony Black Camcorder Tripod - VCT80AV,Sony VCT-80AV Tripod - VCT80AV,1,MATCH,1
37211,203407043,Apple 1GB Pink 2nd Generation iPod Shuffle - MB811LLA,PlayStation 3 ChargeLink USB Charging Cable by Nyko - 83000,0,NO_MATCH,0
37811,204318286,Sony VAIO LV Series Silver All-In-One Desktop Computer - VGCLV150J,Weber Genesis Series E-310 3841001 60' Freestanding Gas Grill with 637 sq. in. Cooking Surface & 3 Stainless Steel Burners: Black Natural Gas,0,NO_MATCH,0
32512,207464939,Logitech Blue V470 Cordless Laser Mouse For Notebooks - 910000298,Samsung NV30 Digital Camera - Silver - EC-NV30ZSBA/US,0,NO_MATCH,0
20532,10343605,Belkin Pro Series 16 Ft.  USB 2.0 Cable - F3U13316,Linksys Instant Gigabit EG005W Ethernet Switch,0,NO_MATCH,0
37893,90106172,Toshiba 26' Black LCD HDTV - 26AV502U,OmniMount Universal Wall Speaker Mounting Kit - 20.0 WALL-B,0,NO_MATCH,0
38873,208791919,Denon Home Theater Receiver And Boston Acoustics 5.1 Speaker System Package - DHT589BA,Toshiba 22LV506 22' TV/DVD Combo,0,NO_MATCH,0
36117,205986339,Griffin iPod RoadTrip With SmartScan - 4040RDTRPB,Garmin Suction Cup Mount - 010-10815-00,0,NO_MATCH,0
34135,207907558,Samsung 56' Black Widescreen Series 6 DLP HDTV - HL56A650,Ex Series Earbuds Wht - MDR EX32LP/WHI,0,NO_MATCH,0
25364,10140760,Olympus Digital Camera Neoprene Soft Case - Black With Grey Finish - 202066,Linksys EtherFast EZXS55W Ethernet Switch,0,NO_MATCH,0
36264,207900171,iHome Silver Computer Speakers With iPod Dock - IH70S,Samsung 6 Series HL61A650 61' Projection TV,0,NO_MATCH,0
27778,207959814,Sony LCS-CSJ Black Soft Carrying Case - LCSCSJ,Sony Cyber-shot DSC-H50 Digital Camera - Black - DSCH50B,0,NO_MATCH,0
36243,207527632,Monster iCarPlay Wireless 250 FM Transmitter With AutoScan for iPod And iPhone - AIPFMCH250,Panasonic Lumix DMC-FS3 Digital Camera - Blue,0,NO_MATCH,0
35031,207978102,LG 2.0 Cu. Ft. Over-The-Range White Microwave Oven - LMVM2085WH,Samsung HTX810T Home Theater System - HTX810T,0,NO_MATCH,0
33662,207390502,Bracketron Nav-Mat Portable GPS Dash Mount - UFM100BL,Sony HESV1000 Blu-ray Player/Recorder,0,NO_MATCH,0
34000,202916534,Sony Black 1080p Upscaling DVD Player - DVPNS700HB,Microsoft Office 2007 Home and Student - 79G-00007,0,NO_MATCH,0
18441,201699873,Mosquito Magnet Defender Replacement Net - MM4000NET1,Peerless Universal Flat Wall Mount - SF640P,0,NO_MATCH,0
38003,210404123,Sony 10' Black LCD Digital Photo Frame - DPFD100,Sony DPFD100 Digital Photo Frame,1,MATCH,1
23097,202635701,Uniden 5.8GHz Accessory Handset And Charger - TCX905,Uniden TCX905 Cordless Handset - TCX905,1,MATCH,1
37231,204222897,Yamaha YAS-71 Black Front Surround System - YAS71BK,Sanus LRF118-B1 Full Motion Wall TV Mount,0,NO_MATCH,0
30575,209297205,GE 24' GSD2400NWW White Built-In Dishwasher - GSD2400WH,GE GSD2400NWW Dishwasher with 5 Wash Cycles - gsd2400nww,1,MATCH,1
24572,207910212,Panasonic 5.8GHz Add-On Handset For The KXTG6700B Phone System - Black Finish - KXTGA670B,Sony DVP-FX820 Portable DVD Player - DVPFX820,0,NO_MATCH,0
36361,208226689,Speck SeeThru Black Hard Shell Case For 13' MacBook - MB13BLKSEEV2,Speck Products SeeThru Case for Apple 13' MacBook - MB13-BLK-SEE-V2,1,MATCH,1
34901,206460121,Onkyo 7.1-Channel Home Theater Black Receiver - TXSR606B,Yamaha YSTFSW100 Subwoofer - YST-FSW100BL,0,NO_MATCH,0
38455,202104453,Linksys Compact Wireless-G USB Adapter - WUSB54GC,Linksys Wireless-G WUSB54GC Compact USB Adapter,1,MATCH,1
19672,203088013,Sony 400-Disc DVD/SA-CD/CD Mega Changer - DVPCX995V,Sony DVPCX995V DVD Player,1,MATCH,1
21554,204549804,Yamaha High Performance Subwoofer -  Black Finish - YSTFSW100BK,Netgear ProSafe GS724TP 24 Port Smart Switch with PoE - GS724TP-100NAS,0,NO_MATCH,0
36052,90142591,Canon 9517A002 EF-S 17mm - 85mm f/4.0-5.6 USM IS Zoom Lens - 9517A002,Canon EF-S 17-85MM f/4-5.6 IS USM Standard Zoom Lens,1,MATCH,1
32323,205728900,Canon Easy Photo Pack - 1335B001,LaCie Little Disk Hard Drive - 301278,0,NO_MATCH,0
37211,209310260,Apple 1GB Pink 2nd Generation iPod Shuffle - MB811LLA,Apple iPod Shuffle 1GB Flash MP3 Player - MB811LL/A,1,MATCH,1
38480,207666380,iRobot Robotic Floor Washer - 74249,Sony 1GB Memory Stick PRO Duo Card - MSMT1G,0,NO_MATCH,0
32744,206928359,Sirius Satellite Radio Universal Car Tuner - SCC1,Garmin Adjustable Vehicle Suction Cup - 010-10823-03,0,NO_MATCH,0
33769,208117932,Sony White 8' Portable DVD Player - DVPFX820W,LG 5.6 cu.ft. Freestanding Electric Range,0,NO_MATCH,0
33788,207543197,Panasonic Black Dect 6.0 Cordless Telephone - KXTG9333T,Panasonic KX-TG9333T Cordless Phone - KX-TG9333T,1,MATCH,1
35431,209026638,Panasonic VIERA 32' Class Widescreen LCD HDTV In Black - TC32LZ800,Toshiba 52RV535U - 52' Widescreen 1080p LCD HDTV w/ Cinespeed - Piano Black,0,NO_MATCH,0
31924,206356232,Sirius STILETTO 2 Portable Satellite Radio - SL2PK1,SIRIUS SL2PK1 SIRIUS Stiletto 2 Portable Radio,1,MATCH,1
33278,206808441,Canon Silver Dual Flash Memory Camcorder - FS11,Canon FS11 Digital Camcorder - 2685B001,1,NO_MATCH,0
26929,203651765,Monster PS3 CV/FO-10 Playstation 3 GameLink Component Video And Fiber Optic Digital Audio AV Kit - PS3CVFO10,Monster Cable GameLink Component Video and Fiber Optic Digital Audio Cable for PlayStation 3 - 3 x RCA - Toslink - 10ft - PS3 CV/FO-10,1,MATCH,1
6742,205554724,Panasonic Yeast Pro Automatic Breadmaker - SDYD250,Seiko SXDA04,0,NO_MATCH,0
34227,210521551,Maytag JETCLEAN II Black Undercounter Dishwasher - MDB7851BK,Maytag MDB7851AWB Full Console Dishwasher (Black),1,MATCH,1
37477,209634135,Canon PowerShot Silver 14.7 Megapixel Digital Camera - SD990IS,"Canon PowerShot SD990 IS 14 Megapixel Digital Camera w/ 3.7x Optical Zoom, UA Len, Face Detection, 2.5 LCD, & ISO 1600 - Silver - 3191B001",1,MATCH,1
37045,201953029,Toshiba 22' LCD HDTV With Built In DVD Player In White - 22LV506,Canon PG-50 High Capacity Black Ink Cartridge For PIXMA MP450 Printer - 0616B002,0,NO_MATCH,0
35987,207464939,Samsung Black 8.1 Megapixel Digital Camera - ECNV30ZBBA,Samsung NV30 Digital Camera - Silver - EC-NV30ZSBA/US,1,MATCH,1
34003,208167531,Samsung 40' Series 5 LCD Black Flat Panel HDTV - LN40A550,Logitech QuickCam Vision Pro Webcam - 960-000254,0,NO_MATCH,0
37803,208112356,Logitech White V470 Cordless Laser Mouse For Apple Notebooks - 910000692,Sony DVP-FX820/L Portable DVD Player - DVPFX820/L,0,NO_MATCH,0
31373,201692679,Frigidaire GLD4355RFB Gallery SpeedClean 24' Black Dishwasher - GLD4355BK,Canon CLI-8Y Ink Cartridge - 0623B002,0,NO_MATCH,0
33488,208154765,Sony Red Cyber-Shot Digital Camera - DSCW170R,Sony Cyber-shot DSC-W170 Digital Camera - Red - DSCW170R,1,MATCH,1
19204,203389382,OmniMount G-303 Gray Stellar Series Audio Tower - G303GR,OmniMount 3-Shelf Large-Component Tower - STELLARG303G,1,MATCH,1
34165,206460121,Belkin Neoprene Sleeve For MacBook Air - F8N065BLK,Yamaha YSTFSW100 Subwoofer - YST-FSW100BL,0,NO_MATCH,0
36620,208453648,Sony Black VAIO Z Series 13.1' Notebook Computer - VGNZ570NB,Sony Z591U/B Notebook - VGNZ591U/B,0,MATCH,1
38231,201744288,Netgear ProSafe 24-Port Gigabit Rackmount Switch With 2 SFP Slots - JGS524F,Netgear ProSafe JGS524F 24-Port Gigabit Ethernet Switch - JGS524FNA,1,MATCH,1
33950,208456233,Whirlpool Cabrio White Top Loading Washer - WTW6700TWH,Whirlpool WTW6700TW 28' Cabrio Series Top Loader Washer (Metallic/White),1,MATCH,1
25550,202827713,Sanus 15' To 40' Flat Panel Black TV Wall Mount - ML22B1,Sanus VisionMount Flat Panel TV Wall Mount - ML22-B1,1,MATCH,1
38221,203343197,Canon EF 75-300mm F/4-5.6 III Telephoto Zoom Lens - 6473A003,Canon EF 75-300mm f/4-5.6 III Telephoto Zoom Lens - 6473A003,1,MATCH,1
19631,202026554,Bose Second Zone Remote - PMC2,Canon EF 70-300mm f/4-5.6 IS USM Telephoto Zoom Lens - 0345B002,0,NO_MATCH,0
38522,210267015,Flip Video F460 Black Mino HD Camcorder - F460B,Flip Video MinoHD 60 min Black - F460B,1,MATCH,1
34791,203024425,Canon PG-40 Black Ink Cartridge Twin Pack - PG40TBK,Denon DP-29F Analog Record Turntable - DP29F,0,NO_MATCH,0
38296,209208547,Case-Mate Carbon Fiber Black Leather Case For iPhone 3G - IPH3GCBCF,Sony VAIO JS All-in-One Desktop - VGCJS130J/B,0,NO_MATCH,0
29231,202515446,Panasonic Expandable Digital Cordless DECT 6.0 Answering System In Silver - KXTG1034S,Uniden TCX905 Tru-Digital Expansion Handset With Caller ID,0,NO_MATCH,0
28059,205592435,Sony LCS-TWA/R Red Soft Leather Carrying Case - LCSTWAR,Sony LCS-TWA/R Cyber-shot Camera Case,1,MATCH,1
15452,202785722,Sony Stereo Audio Receiver - STRDE197,Canon NB-5L Lithium-Ion Digital Camera Battery - 1135B001,0,NO_MATCH,0
34624,207465587,Sony 7.1 Channel Black A/V Receiver - STRDG720,Panasonic Lumix DMC-TZ5 Digital Camera - Silver,0,NO_MATCH,0
29612,208456262,Sharp Over The Counter White Microwave Oven - R1211WH,Whirlpool WTW6700TU Cabrio 4.6 Cu. Ft. Top Load Washer (Diamond Dust),0,NO_MATCH,0
34033,203491687,Sony Digital SLR Camera With Lens Kit - DSLRA200W,Waring Pro Deep Fryer 3qt -Black,0,NO_MATCH,0
32628,207554111,Apple 500GB Time Capsule Wireless Hard Drive - MB276LLA,Apple Time Capsule Network Hard Drive - MB277LL/A,1,NO_MATCH,0
34609,207543190,Panasonic DECT 6.0 Expandable Digital Cordless Phone With All-Digital Answering System - KXTG9344T,Panasonic KX-TG9344T Expandable Digital Cordless Phone,1,MATCH,1
26805,210634625,Tech Craft ABS48 Antique Black Avalon Series 48' TV Stand - ABS48,IWORK 09 RETAIL-INT DVD - MB942Z/A,0,NO_MATCH,0
36022,204792886,Speck Green 13' MacBook See Thru Hard Shell Case - MB13GRNSEEV2,"LG Electronics WM2016CW 27' Front-Load Washer with 3.5 cu. ft. Capacity, 5 Wash Programs, 5 Temperature Levels, 1050 RPM Maximum and SenseClean System",0,NO_MATCH,0
6493,10316920,Denon Stereo Tuner - TU1500RD,LaCie Pocket Floppy Disk Drive - 706018,0,NO_MATCH,0
32280,205985719,LG DLEX8377WM White XL Capacity Electric SteamDryer - DLEX8377WH,The LG Electric SteamDryer,1,NO_MATCH,0
38173,207388758,Panasonic DECT 6.0 2-Line Digital Expandable Corded/Cordless Phone System - KXTG9391T,Panasonic Viera TH-50PZ80U 50' Plasma TV,0,NO_MATCH,0
33801,208112354,Kenwood 6.1' All-In-One Double-Din In-Dash Navigation - DNX5120,Sony BRAVIA DAV-HDX275 Home Theater System,0,NO_MATCH,0
20454,201692648,Canon Magenta Ink Tank - Magenta - CLI8M,Canon CLI-8M Ink Cartridge - 0622B002,1,NO_MATCH,0
24789,207543193,Terk Mini Tuner Cartridge For XM Ready Home Products - CNP2000,Panasonic KX-TG9341T Cordless Phone,0,NO_MATCH,0
33485,202827684,Sony Silver Cyber-Shot Digital Camera - DSCW170,Sanus VisionMount Flat Panel TV Wall Mount - MF110-B1,0,NO_MATCH,0
37650,209122924,Canon Printer Yellow Ink Cartridge - CLI221YEL,Canon CLI-221 Yellow Ink Cartridge - 2949B001,1,NO_MATCH,0
19112,90148541,Sony Soft Cyber-Shot Carrying Case - LCSCST,Sony LCS Soft Carrying Case - LCSCST,1,MATCH,1
7195,208941076,Sony Vertical-In-The-Ear Stereo Headphones - MDRJ10,"Garmin 265T - 3.5' GPS w/Bluetooth, Text To Speech, Where Am I?, Connect Photos - 010-00576-10",0,NO_MATCH,0
27729,203379250,LG WM0642HW 4.0 Cu Ft White Rear Control Washer - WM0642HWH,LG Electronics WM0642HW Front Load Washing Machine with 7 Washing Programs,1,MATCH,1
27186,206917814,Weber Stainless Steel Summit S-650 Liquid Propane Grill - 1780001,Nikon Coolpix S550 Digital Camera - Plum - 26110,0,NO_MATCH,0
32384,209310243,Logitech QuickCam Communicate STX - 961464,Canon PowerShot SD880 IS Digital Camera - Silver - 3197B001,0,NO_MATCH,0
22042,208117918,Logitech Harmony 890 Advanced Universal Remote Control - H890,LG LDF6920BB Fully Integrated Dishwasher,0,NO_MATCH,0
23350,204222897,Sony PlayStation 2 8MB Memory Card (2 Pack) - Red/Blue Finish - 711719706700,Sanus LRF118-B1 Full Motion Wall TV Mount,0,NO_MATCH,0
16309,206362749,Sony Super Audio CD Player - SCDCE595,Polkaudio CSi A6 Black High Performance Center Channel Loudspeaker - AM6615-A,0,NO_MATCH,0
13700,90111702,Sanus Euro Foundations Satellite Speaker Stand - EFSATB,Sanus Euro Foundation Series III Speaker Stand - EFSATBKIII,1,MATCH,1
33784,207538225,Panasonic 5.8 GHz Black Expandable Digital Cordless Phone - KXTG4321B,Panasonic KX-TG4321B 5.8 GHz Expandable Digital Cordless Phone,1,MATCH,1
26805,203900180,Tech Craft ABS48 Antique Black Avalon Series 48' TV Stand - ABS48,"ABS48 Wood TV Stand (Avalon Series, 48-in. Max)",1,MATCH,1
20466,208294904,Canon Black Ink Cartridge - Black - PG40BK,Frigidaire FDB130RGS 24' Built-In Dishwasher (White),0,NO_MATCH,0
28272,206160056,Sony Black Cyber-Shot W Series Digital Camera Carrying Case - LCSCSL,Sony LCS-CSL Cyber-shot Camera Case,1,MATCH,1
38343,207935920,Panasonic DECT 6.0 Pearl Silver Expandable Digital Cordless Phone System - KXTG6313S,Panasonic KX-TG6313S Cordless Phone,1,MATCH,1
35738,208688474,Samsung 7.1-Channel Blu-ray Home Theater System - HTBD2TXAA,"Samsung HT-BD2T Blu-ray 7.1 Home Theater System - Blu-ray, DVD & CD Playback, FM Receiver w/30 Station Presets, 1100W Total Output, 4 Tower Speakers & Subwoofer - HT-BD2T/XAA",1,MATCH,1
35033,208156877,LG 2.0 Cu. Ft. Over-The-Range Black Microwave Oven - LMVM2085BK,LG 2.0 cu.ft. Over the Range Microwave Oven,1,MATCH,1
38751,204389692,Panasonic Yellow 4GB SDHC Memory Card - RPSDV04GU1K,PANASONIC 4GB SDHC CARD CLASS 6 20 MB/SEC*NIC* - RP-SDV04GU1K,1,MATCH,1
34895,208504345,Sony 52' BRAVIA V-Series Black LCD Flat Panel HDTV - KDL52V4100,Sony BRAVIA V Series KDL-52V4100 52' LCD TV - KDL52V4100,1,MATCH,1
34860,206728281,LG LDC22720ST 22 Cu. Ft. Smooth White Bottom Freezer Refrigerator - LDC22720SS,20' Television CRT - HTR20,0,NO_MATCH,0
25670,203379237,Olympus Lithium Ion Rechargeable Battery - LI42B,LG Electronics DLG0452W 7.3 Cu. Ft. 9-Cycle Gas Dryer,0,NO_MATCH,0
28971,202293522,Altec Lansing inMotion iPod Portable Audio System - IM600USB,Sony VAIO SZ Series Docking Station - VGPPRSZ1,0,NO_MATCH,0
32416,202139765,GE Amplified Quantum Antenna - TV24775,Audiovox XMFM1 Switch Box,0,NO_MATCH,0
39176,209656935,Logitech 2.1 Multimedia Silver Speaker System - Z2300,AppleCare for iPod touch or iPod classic - MB591LL/A,0,NO_MATCH,0
34309,209253739,Sony Bravia Wireless Home Theater System In Black - DAVHDX576WF,Canon VIXIA HG21 High Definition Camcorder - 2704B001AA,0,NO_MATCH,0
35498,90144998,Sennheisser Hi-Fi Wireless Headphone - RS130,Sennheiser RS 130 Wireless Headphone - RS130,1,MATCH,1
35851,204416098,Linksys Ultra RangePlus Wireless-N Broadband Router - WRT160N,Garmin Lightweight GPS Case - 010-10704-00,0,NO_MATCH,0
39039,210490135,Garmin Nuvi 885T GPS Navigation System - 0100057730,Garmin 010-00577-30 Nvi(r) 885t Travel Assistant,1,MATCH,1
7783,202900227,Panasonic 2-Line Integrated Telephone - KXTSC14W,Panasonic KX-TSC14W 2-Line Telephone,1,MATCH,1
36381,207388756,Speck SeeThru Blue Hard Shell Case For 13' MacBook - MB13BLUSEEV2,Panasonic Viera TH-46PZ85U 46' Plasma TV,0,NO_MATCH,0
34548,207907555,Sony White Earbud Style Headphones - MDREX55WH,Ex Series Earbuds Wht - MDR EX55/WHI,1,MATCH,1
38813,203199121,Speck ToughSkin Black Case For 4th Generation iPod Nano - NN4TSBLK,"Hoover EmPower U5269-900 Vacuum (Upright, HEPA, Bagless)",0,NO_MATCH,0
33443,207934191,Sony 60GB Handycam Hard Disk Drive Camcorder - DCRSR85,Sony STR-DG720 A/V Receiver - STRDG720,0,NO_MATCH,0
13202,207937885,Panasonic Laser Toner Cartridge - KXFA83,Sharp Air Purifier 194 CFM Max - KC-C100U,0,NO_MATCH,0
21268,206725964,Garmin StreetPilot C330 Dash Mount - Black Finish - 0101061300,Sony ADMSCF1 Sony Memory Stick Duo Adapter for CF,0,NO_MATCH,0
38511,210460676,Audiovox 7'  Acrylic Digital Photo Frame - DPF701,Audiovox DPF701 7-Inch Acrylic Digital Picture Frame,1,MATCH,1
20459,201953025,Canon Magenta Photo Ink Cartridge - Magenta - CLI8PM,Canon CLI-8PM Photo Magenta Ink Cartridge - 0625B002,1,NO_MATCH,0
36123,208504432,Denon Black Home Theater Surround Sound Receiver - AVR1709,Denon AVR-1709 A/V Receiver - AVR1709,1,MATCH,1
34770,204559209,Samsung 52' Series 7 Black Flat Panel LCD HDTV - LN52A750,Panasonic NNSD767S 1.6 cu. ft. Stainless Steel Countertop Microwave Oven,0,NO_MATCH,0
35983,204556588,Panasonic DECT 6.0 Silver Digital Cordless Handset - KXTGA630S,D-Link DWA-130 Wireless N USB Adapter,0,NO_MATCH,0
26615,204154429,Logitech Harmony 1000 Silver Touch Screen Remote Control - H1000,Coby Electronics TF-DVD7006 Portable DVD Player - TFDVD7006,0,NO_MATCH,0
36127,210402579,Samsung Stereo Bluetooth Headset In Black - SBH500,Samsung SBH500 Stereo Bluetooth Headset,1,MATCH,1
33437,208226458,Yamaha  All-Weather Pair Speaker System - NSAW390WH,Maytag 2.0 Cu. Ft. Over-the-Range Microwave Oven,0,NO_MATCH,0
38001,209310248,Sony 8' Black LCD Digital Photo Frame - DPFD80,"Canon PowerShot G10 14 Megapixel Digital Camera w/ 28mm Wide Lens, 5x Optical Zoom, 3' LCD, Face Detection & Red Eye Correction - 2663B001",0,NO_MATCH,0
34496,207986293,Samsung Sound Bar Home Theater System - HTX810,Canon EOS Rebel XSi Digital SLR Camera - Silver - 2757B001,0,NO_MATCH,0
34465,209890796,Twenty20 VholdR Mount Adhesive - 2200MA,VholdR 2200 Mount Adhesive (Black),1,MATCH,1
33440,206887905,Yamaha NS-AW190BL All-Weather Pair Speaker System - NSAW190BK,Weber Q 320 Gas Grill,0,NO_MATCH,0
35044,208504370,LG 47' Black LCD Flat Panel HDTV - 47LG50,LG 47LG50 47' LCD TV,1,MATCH,1
33327,208464828,Weber Spirit SP-320 Stainless Steel Liquid Propane Gas Outdoor Grill - 3730001,Weber Summit SP-320 Stainless LP Gas Grill,1,NO_MATCH,0
34033,207390665,Sony Digital SLR Camera With Lens Kit - DSLRA200W,Sony alpha DSLR-A200 Digital SLR Camera with Dual Lens Kit - DSLRA200W,1,MATCH,1
34791,204736197,Canon PG-40 Black Ink Cartridge Twin Pack - PG40TBK,Canon PG-40 Twin Pack Black Ink Cartridge - 0615B013,1,NO_MATCH,0
27771,202592070,Fellowes Confetti Cut Shredder - W11C,Fellowes Powershred Personal W11C Shredder - 30100,1,MATCH,1
28951,203166120,Escort Passport 9500I Radar And Laser Detector - 9500I,Belkin CushTop - F8N044-SLV,0,NO_MATCH,0
34260,207390507,Denon Blu-ray Disc DVD/CD Digital Player/Transport - DVD2500BTCI,Denon DVD-2500BTCI Blu-ray Disc Player,1,MATCH,1
29133,206887553,Samsung DLP TV Stand In Black - TR72BX,Samsung TR72B TV Stand,1,MATCH,1
22940,203472622,Panasonic Plain Paper Fax/Copier With All-Digital Answering System - Silver Finish - KXFP145,Panasonic KX-FP145 Plain Paper Thermal Transfer Fax/Copier - KXFP145,1,MATCH,1
35693,208184892,Samsung S2 Green 1GB Flash MP3 Player - YPS2ZG,Samsung YP-S2ZW 1GB Flash MP3 Player - YP-S2ZG/XAA,1,MATCH,1
24402,208890876,KitchenAid 5-Speed Blender - Red Finish - KSB560ER,"Panasonic HD 3MOS 60GB Hard Disk Drive/SD Hybrid Camcorder with Advanced Optical Image Stabilizer, Leica Lens, 12x Optical Zoom, 2.7' Wide LCD and Records to Internal Hard Drive and SD Card - HDC-HS100K",0,NO_MATCH,0
28951,209307663,Escort Passport 9500I Radar And Laser Detector - 9500I,Sony VAIO NS190J/S Notebook - VGNNS190J/S,0,NO_MATCH,0
38640,207900174,Transcend 2.5' SATA Solid State Disk - TS128GSSD25SM,Samsung HTZ410T Home Theater System - HTZ410T,0,NO_MATCH,0
33883,210251970,Boston Acoustics Duo-I AM/FM Clock Radio With iPod Dock - HDUOIMDNT,Chestnut Hill CHS40001 Chestnut Hill George Ipod Dock Compact Stereo System,0,NO_MATCH,0
34966,207965387,Samsung MiniDV Digital Camcorder - SCDC382,Samsung SC-D382 Digital Camcorder,1,MATCH,1
22042,202145734,Logitech Harmony 890 Advanced Universal Remote Control - H890,Logitech Harmony 890 Advanced Universal Remote - 966193-0403,1,NO_MATCH,0
29880,204465488,Haier 20' ATSC Color Tube Television - HTR20,GN Jabra BT5010 Wireless Earset,0,NO_MATCH,0
33790,210252356,Sony Silver Digital Voice Recorder - ICDB600,Sony ICD-B600 512MB Digital Voice Recorder - ICDB600,1,MATCH,1
20534,208033806,Pioneer Voice Command Pack - Black Finish - CDVC1,Pioneer DEHP400UB Car Audio Player,0,NO_MATCH,0
27589,204264643,Frigidaire Professional 24' PLD4555RFC Built-In Stainless Steel Dishwasher - PLD4555SS,"PLD4555RFC Professional SpeedClean 24-in. Under Counter Dishwasher (14 Place Settings, Stainless Steel, Energy Star)",1,MATCH,1
38939,204823067,Logitech V-UBM46 QuickCam Pro 9000 Black Webcam For Windows - 960000048,Logitech QuickCam Pro 9000 Webcam - 960-000048,1,MATCH,1
27965,209122924,LG Titanium Bottom-Freezer Refrigerator - LRBP1031TT,Canon CLI-221 Yellow Ink Cartridge - 2949B001,0,NO_MATCH,0
36705,209297205,Nikon Black 13.5 Megapixel COOLPIX Digital Camera - COOLPIXP6000BK,GE GSD2400NWW Dishwasher with 5 Wash Cycles - gsd2400nww,0,NO_MATCH,0
21875,201700823,Netgear ProSafe 16 Port 10/100 Desktop Switch - Purple Finish - FS116P,Netgear ProSafe FS116P Ethernet Switch - FS116PNA,1,MATCH,1
33908,207391013,Panasonic Black Blu-ray Disc Theater Sound System - SCBT100,Toshiba 22LV505 - 22' Widescreen LCD HDTV w/ Built-in DVD Player - 1000:1 Contrast Ratio - 5ms Response Time - Black,0,NO_MATCH,0
36161,208171631,Flip Video F360 White Mino Series Camcorder - F360W,Pure Digital Flip Mino Digital Camcorder - F360W,1,MATCH,1
37045,203166120,Toshiba 22' LCD HDTV With Built In DVD Player In White - 22LV506,Belkin CushTop - F8N044-SLV,0,NO_MATCH,0
34848,208370418,LG Stainless Steel Freestanding Electric Range - LRE30453SS,3G iPhone Black ToughSkin - IPH3G-BLK-TS,0,NO_MATCH,0
36430,208226690,Speck SeeThru Clear Hard Shell Case For 15' MacBook - MB15CLRSEEV2,Speck Products SeeThru Case for Apple 15' MacBook Pro - MB15-CLR-SEE-V2,1,MATCH,1
38468,204219387,Danby Silhouette 60 Cans Beverage Center - DBC2760BLS,Garmin Suction Cup Mount - 010-10936-00,0,NO_MATCH,0
37310,208079230,Sony VAIO CS Series Red Notebook Computer - VGNCS180JR,"Samsung PN50A650 50' 1080p Plasma HDTV - 1,000,000:1 Dynamic Contrast Ratio - Anti Burn-in Technology",0,NO_MATCH,0
35247,208504407,LG 52' Black LCD Flat Panel HDTV - 52LG70,LG LG70 Series 52LG70 52' LCD TV,1,MATCH,1
27407,203930685,Sony SCPH-98046 PlayStation 3 Blu-Ray DVD Remote Control - 711719804604,Sony Playstation 3 Blu-Ray DVD Remote - 98046,1,MATCH,1
36295,90128026,Sony 8cm MiniDVD-R Camcorder Media 3 Pack - 3DMR30R1H,Sony Mini DVD-R Media - 3DMR30L1H,1,NO_MATCH,0
34036,207390682,Sony Black Handycam Camcorder Soft Carrying Case - LCSX20,Sony LCS-X20 Camcorder Case - LCSX20,1,MATCH,1
35052,209634135,Sharp 26' Black LCD HDTV With Built In DVD Player - LC26DV24U,"Canon PowerShot SD990 IS 14 Megapixel Digital Camera w/ 3.7x Optical Zoom, UA Len, Face Detection, 2.5 LCD, & ISO 1600 - Silver - 3191B001",0,NO_MATCH,0
35666,208289990,Sony Black 5.1 Channel Home Theater System - HTDDWG700,Sony HT-DDWG700 Home Theater System - HTDDWG700,1,MATCH,1
38345,208890628,Logitech diNovo Edge Keyboard Mac Edition - 920000924,"Logitech diNovo Edge, Mac Edition - 920-000924",1,MATCH,1
27783,209656959,Sony VAIO VGP-PRSZ1 SZ Series Docking Station - VGPPRSZ1,Apple 8GB iPod nano Green (4th Generation) - MB745LL/A,0,NO_MATCH,0
34136,208456233,Samsung 61' Black DLP Projection HDTV - HL61A650,Whirlpool WTW6700TW 28' Cabrio Series Top Loader Washer (Metallic/White),0,NO_MATCH,0
35201,208504318,Sony 40' BRAVIA Z Series Black LCD Flat Panel HDTV - KDL40Z4100B,Sony BRAVIA Z Series KDL-40Z4100 40' LCD TV - KDL40Z4100/B,1,MATCH,1
38449,10353206,Linksys Dual-Band Wireless-N Gaming Adapter - WGA600N,Netgear ProSafe GS105 Ethernet Switch - GS105NA,0,NO_MATCH,0
37010,207390682,Onkyo Black Stereo Receiver - TX8255,Sony LCS-X20 Camcorder Case - LCSX20,0,NO_MATCH,0
36993,206928378,Canon PIXMA iP2600 Photo Printer - IP2600,Canon PIXMA iP2600 Inkjet Photo Printer - 2435B002,1,NO_MATCH,0
34969,206460124,LG 32' Black LCD Flat Panel HDTV - 32LG30,Yamaha SPM-K30 Mounting Installation Bracket - SPM-K30,0,NO_MATCH,0
9314,209310248,Panasonic Hands Free Headset  - KXTCA92,"Canon PowerShot G10 14 Megapixel Digital Camera w/ 28mm Wide Lens, 5x Optical Zoom, 3' LCD, Face Detection & Red Eye Correction - 2663B001",0,NO_MATCH,0
30134,208809705,Apple Mac Mini 1.83GHz Intel Core 2 Duo Computer - MB138LLA,Jabra BT2070 Bluetooth Headset - 100-92070000-02,0,NO_MATCH,0
38796,209310279,Belkin Leather Folio For 2G iPod Touch - F8Z373,Belkin Folio for iPod touch - F8Z373,1,MATCH,1
34056,210634626,Canon Silver 10 Megapixel PowerShot Digital Camera - SD790IS,IWORK 09 FAMILY PACK-INT DVD - MB943Z/A,0,NO_MATCH,0
33150,208105630,Pioneer Premier In-Dash CD/WMA/MP3/AAC Receiver - DEHP500UB,Pioneer DEHP500UB Car Audio Player,1,MATCH,1
32384,202989028,Logitech QuickCam Communicate STX - 961464,"Logitech QuickCam Communicate STX Webcam - Black, Charcoal - 961464-0403",1,MATCH,1
34165,206928452,Belkin Neoprene Sleeve For MacBook Air - F8N065BLK,Belkin Neoprene Sleeve for MacBook Air - Neoprene - Black,1,MATCH,1
37964,207945552,Canon Silver PowerShot Digital Camera - SD880IS,OmniMount Moda Collection Echo 50 TV Stand - ECHO 50,0,NO_MATCH,0
33493,208294724,Canon PIXMA MX850 Multifunction Printer - MX850C,Panasonic Viera TH-46PZ850U 46' Plasma TV - TH46PZ850U,0,NO_MATCH,0
34119,207514567,Sony Remote Control Tripod - VCT60AV,Sony VCT-60AV Tripod - VCT60AV,1,MATCH,1
33455,208033955,Yamaha 5.1 Channel Home Theater In A Box System In Black  - YHT390BK,Yamaha YHT-390BL Home Theater System - YHT-390bl,1,MATCH,1
29880,204226641,Haier 20' ATSC Color Tube Television - HTR20,Case Logic Universal Vertical PDA Leather Pouch - CLP104BB,0,NO_MATCH,0
25829,202827684,Sanus 15' - 40' VisionMount Flat Panel TV Black Wall Mount - MF110B,Sanus VisionMount Flat Panel TV Wall Mount - MF110-B1,1,MATCH,1
35226,209869989,Sony 42' BRAVIA V Series Black LCD Flat Panel HDTV - KDL42V4100,SONY 42IN BRAVIA LCD V-SERIES 1080P HDTV - KDL42V4100,1,MATCH,1
30591,207390652,Audiovox XpressEZ XM Satellite Radio Receiver - XMCK5P,Sony Handycam DCR-SR85 Digital Camcorder - DCRSR85,0,NO_MATCH,0
36260,202784323,LaCie USB 2.0 Floppy Disk Drive - 706018,Pioneer Nautica TS-MR1640 Marine Speaker - TS-MR1640,0,NO_MATCH,0
18564,208715747,Whirlpool 24' Built-In Dishwasher - DU1055BK,Full Console Dishwasher with 4 Automatic Cycles - DU1055XTSB,1,MATCH,1
34751,207543189,Panasonic DECT 6.0 Black Expandable Digital Cordless Phone System - KXTG9372B,Panasonic KX-TG9372B Expandable Digital Cordless Phone,1,MATCH,1
20534,208226693,Pioneer Voice Command Pack - Black Finish - CDVC1,Speck Products SeeThru Case for Apple 13' MacBook - MB13-CLR-SEE-V2,0,NO_MATCH,0
25262,207900174,Netgear Prosafe 16 Port 10/100 Rackmount Switch - Black Finish - JFS516NA,Samsung HTZ410T Home Theater System - HTZ410T,0,NO_MATCH,0
38208,207900343,Panasonic Blue 8.1 Megapixel Digital Camera - DMCFS3A,Samsung HT-TZ515 Home Theater System - HTZ515/XAA,0,NO_MATCH,0
33377,10346525,Linksys Wireless-G Ethernet Bridge - WET54G,Linksys G Wireless-G WET54G Wireless Bridge,1,MATCH,1
34253,206887992,Weber Gas Barbecue Rotisserie - 7519,Weber Genesis E/S series Rotisserie,1,MATCH,1
39088,205074757,Logitech Cordless Desktop Wave Keyboard And Mouse Combo - 920000264,Logitech Cordless Desktop Wave - 920-000264,1,MATCH,1
36789,203131635,Brenthaven Sling I Titanium Laptop Carrying Bag For 13' MacBook - TR653ZMA,Griffin Elevator Desktop Stand for Portable Laptops - 1093-CURV2,0,NO_MATCH,0
24034,50017228,Sony DVD Remote Control For PS2 - Black Finish - 711719707608,PlayStation 2 DVD Remote - 97076,1,NO_MATCH,0
28397,204345240,GE Pre-Amplifier For Stereo Turntable - AV23292,PANASONIC 2GB SD CARD PROHISPD 20 MB/SEC - RP-SDV02GU1A,0,NO_MATCH,0
33157,207637793,Sony 40GB High Definition Hard Disk Drive Handycam Camcorder - HDRSR10,Panasonic Palmcorder SDR-H60 Digital Camcorder - SDR-H60S,0,NO_MATCH,0
37202,206928607,Apple 8GB Green 4th Generation iPod Nano - MB745LLA,Toshiba D-VR660 DVD/VCR Combo,0,NO_MATCH,0
31596,203459314,Nikon VR 55-200MM Zoom-Nikkor Lens Accessory - 2166,Bose In-Ear Earphone - INEARHEADPHONES,0,NO_MATCH,0
35810,203514304,Canon KP-36IP Color Ink & Paper Set - 7737A001,Canon CLI-8 Red Ink Tank For PIXMA Pro9000 Printer - 0626B002,0,NO_MATCH,0
7195,207536226,Sony Vertical-In-The-Ear Stereo Headphones - MDRJ10,Garmin nvi 205W Automobile Navigator - 010-00718-40,0,NO_MATCH,0
38826,208294970,Cuisinart Exact Heat Matte Black Toaster Oven Broiler - TOB155,Cuisinart TOB-155 Toaster Oven Broiler,1,MATCH,1
35851,90137168,Linksys Ultra RangePlus Wireless-N Broadband Router - WRT160N,Sanus Television Turntable - TV/LCDS,0,NO_MATCH,0
37964,206854534,Canon Silver PowerShot Digital Camera - SD880IS,Panasonic KX-TGA630S Cordless Handset,0,NO_MATCH,0
34548,207383660,Sony White Earbud Style Headphones - MDREX55WH,Plantronics .Audio 920 Wireless Earset - 78592-01,0,NO_MATCH,0
34904,208294927,Sony Black 13.6 Megapixel Cyber-Shot Digital Camera - DSCW300,Sony Cyber-shot DSC-W300 Digital Camera,1,MATCH,1
36556,209891040,Panasonic VIERA 58' 1080p Plasma HDTV In Black - TH58PZ850U,"TH-58PZ850U 58' Plasma TV (Widescreen, 1920x1080, 30,000:1, HDTV) - TH58PZ850U",1,MATCH,1
33971,209656949,Panasonic Black 1080p Up-Conversion DVD Recorder - DMREA18K,Apple iPod touch 32GB Flash Portable Media Player - MB533LL/A,0,NO_MATCH,0
24937,203324914,Omnimount Moda 2 Shelf Wall Furniture - MWFS,OmniMount MWFS Moda Collection 2 Shelf Wall Mounted Furniture System - Espresso,1,MATCH,1
16329,210521578,Whirlpool 24' Built-In Dishwasher - DU1100SS,Whirlpool DU1100XTPS 24' Undercounter Dishwasher (Stainless Steel),1,MATCH,1
33670,90132241,Nikon CoolPix S550 10 Megapixel Compact Plum Digital Camera - COOLPIXS550P,Sony PS-LX350H Belt-Drive Turntable,0,NO_MATCH,0
31596,204587971,Nikon VR 55-200MM Zoom-Nikkor Lens Accessory - 2166,Nikon 55-200mm f/4-5.6G ED IF AF-S DX VR Zoom Telephoto Nikkor Lens - Niko_216687518,1,NO_MATCH,0
32226,205985716,LG DLEX7177RM Cherry Red XL Capacity Electric SteamDryer - DLEX7177RD,LG 27' Front-Load Electric Dryer with 7.3 cu. ft. Capacity,1,NO_MATCH,0
31392,205986339,Speck Black ToughSkin iPod Classic Case - ICBLKTS,Garmin Suction Cup Mount - 010-10815-00,0,NO_MATCH,0
33864,207936135,Samsung Hi Definition Conversion DVD Player - DVD1080P8,Samsung DVD-1080P8 DVD Player,1,MATCH,1
34012,207642166,Samsung 52' Series 6 LCD Black Flat Panel HDTV - LN52A650,Samsung LN52A650 52' LCD TV,1,MATCH,1
38619,208941080,LG Washer Dryer White Stacking Kit - WSTK1,Garmin AUTO NAV - 010-00715-20,0,NO_MATCH,0
27103,202985803,LG WDP3N 14' Tall Navy Blue Pedestal With Drawer - WDP3BL,LG Electronics WDP3 Laundry Pedestal with Drawer - Blue,1,NO_MATCH,0
36746,208930717,Nikon CoolPix S610 10 Megapixel Black  Digital Camera - COOLPIXS610BK,Nikon Coolpix S610 Digital Camera - Midnight Black - 26125,1,MATCH,1
29902,206917814,TiVo HD Digital Video Recorder (180 Hour) - TCD652160,Nikon Coolpix S550 Digital Camera - Plum - 26110,0,NO_MATCH,0
39054,207390496,OmniMount 37' - 63' Ultra Low Profile Series Large Flat Panel TV Black Mount - ULPTLBK,OmniMount Ultra Low Profile ULPT-L Flat Panel Wall Mount - ULPT-L A,1,MATCH,1
37340,208890876,Panasonic Black High Defintion 60GB Hard Disk Drive/SD Hybrid Camcorder - HDCHS100K,"Panasonic HD 3MOS 60GB Hard Disk Drive/SD Hybrid Camcorder with Advanced Optical Image Stabilizer, Leica Lens, 12x Optical Zoom, 2.7' Wide LCD and Records to Internal Hard Drive and SD Card - HDC-HS100K",1,MATCH,1
29933,10382243,Audiovox Xpress XM Satellite Radio FM Direct Adapter - XMFM1,Sony High Definition Mini DV Cassette - DSL-190-B,0,NO_MATCH,0
36458,206678505,Speck SeeThru Purple Hard Shell Case For 15' MacBook - MB15PURSEEV2,MONSTER A IP FM-CH 250 iCarPlay Wireless 250 FM Transmitter for iPod & iPhone - AIPFM-CH250,0,NO_MATCH,0
17372,205554287,Belkin AC Anywhere - F5C400300W,233XSGG - Skagen,0,NO_MATCH,0
32340,206808440,Klipsch Black Wireless iPod Speaker - ROOMGROOVE,Canon FS10 Digital Camcorder - 2686B001,0,NO_MATCH,0
34130,207652053,Samsung 5 Disc Black Home Theater System - HTZ410T,SAMSUNG DVD HM THEATER SYS 5 DISC NIC - HT-Z410/XAA,1,MATCH,1
39176,10380060,Logitech 2.1 Multimedia Silver Speaker System - Z2300,Logitech Z-2300 Multimedia Speaker System - 970118-0403,1,MATCH,1
21554,206460121,Yamaha High Performance Subwoofer -  Black Finish - YSTFSW100BK,Yamaha YSTFSW100 Subwoofer - YST-FSW100BL,1,MATCH,1
37187,209208663,Apple 8GB Silver 4th Generation iPod Nano - MB598LLA,TiVo TCD658000 - HD XL Digital Video Recorder,0,NO_MATCH,0
20453,208177785,Canon Cyan Ink Tank - Cyan - CLI8C,Boston Acoustics Horizon Duo-i AM/FM Stereo Radio - HDUOIMDNT,0,NO_MATCH,0
35662,202916547,Garmin Nuvi 205 GPS Navigation System - 0100071740,Microsoft Office 2007 Standard - 021-07746,0,NO_MATCH,0
33922,206808441,Panasonic Black DVD Home Theater Sound System - SCPT760,Canon FS11 Digital Camcorder - 2685B001,0,NO_MATCH,0
34640,206120294,Contour Design Showcase Premium Protection Case For 80 GB iPod Classic - SHCLS80B02,Contour Showcase Classic for iPod classic 80 GB - SH-CLS80-B02,1,MATCH,1
33595,207388756,Panasonic VIERA 46' Plasma Flat Panel 1080p HDTV In Black - TH46PZ85U,Panasonic Viera TH-46PZ85U 46' Plasma TV,1,MATCH,1
33439,207464920,Yamaha NS-AW390BL All-Weather Pair Speaker System - NSAW390BK,Yamaha Outdoor NS-AW390 All-Weather Speaker System - NS-AW390BL,1,MATCH,1
26137,204272122,Panasonic SR-NA18 White Deluxe Fuzzy Logic Rice Cooker - SRNA18,Panasonic SR-NA18 10-Cup Rice Cooker/Warmer with Advanced Fuzzy Logic Technology,1,MATCH,1
13155,90109367,Peerless Wall TV Mounts In Black - PM1327BK,Peerless Adjustable TV Wall Mount - PM1327,1,MATCH,1
36515,202985806,Panasonic Black Lumix 10.1 Megapixel Digital Camera - DMCFZ28K,LG Electronics LG WSTK1 Washer/Dryer Stacking Kit: White,0,NO_MATCH,0
28980,209656950,Panasonic Stainless Steel Luxury Full Size Countertop Microwave Oven - NNSD967SS,Apple iPod Classic 120GB Hard Drive Portable Media Player - MB562LL/A,0,NO_MATCH,0
26346,202537962,Panasonic KX-TG4500B Black 5.8 GHz Cordless Phone System - KXTG4500B,Panasonic KX-TG4500B Corded/Cordless Telephone,1,MATCH,1
37531,204226641,Case Logic Vertical Universal Leather BlackBerry Case - CLP104BB,Case Logic Universal Vertical PDA Leather Pouch - CLP104BB,1,MATCH,1
36033,202861078,Canon Black Leather Camera Case - 1588B001,Canon PSC-55 Deluxe Leather Camera Case - 1588B001,1,MATCH,1
22729,202473822,Sony Lightweight Tripod - Black Finish - VCTR100,SONY COMPACT TRIPOD 14'/39' *NIC* - VCTR100,1,MATCH,1
16758,90137168,Sanus Silver LCD Television Turntable - TVLCDS,Sanus Television Turntable - TV/LCDS,1,MATCH,1
30593,204860316,Audiovox XpressR XM Satellite Radio Receiver - XMCK20P,Audiovox Xpress R XM Radio Receiver with Vehicle Kit XMCK20P,1,MATCH,1
35519,207682340,BlueAnt Black Bluetooth Headset - Z9I,Speck Products SeeThru Case for Apple MacBook Air - MBA-CLR-SEE,0,NO_MATCH,0
36264,207543190,iHome Silver Computer Speakers With iPod Dock - IH70S,Panasonic KX-TG9344T Expandable Digital Cordless Phone,0,NO_MATCH,0
36931,208370418,Speck Black ToughSkin Case For iPhone 3G - IPH3GBLKTS,3G iPhone Black ToughSkin - IPH3G-BLK-TS,1,MATCH,1
36388,207907550,Speck SeeThru Red Hard Shell Case For 13' MacBook - MB13REDSEEV2,Ex Series Earbuds Black - MDR EX32LP/BLK,0,NO_MATCH,0
34638,209934621,Sony White Speaker Dock And Clock Radio For iPod And iPhone - ICFC1IPMK2WHT,SONY IPOD/PHONE DOCK CLOCK RADIO BLACK NIC - ICFC1IPMK2WHI,1,NO_MATCH,0
37183,202472204,Apple 32GB Black 2nd Generation iPod Touch - MB533LLA,Canon PSC-75 Deluxe Soft Case - 0716B001,0,NO_MATCH,0
33972,202070807,D-Link Wireless N USB Adapter - DWA130,Kensington MicroSaver Notebook Lock - 64068F,0,NO_MATCH,0
22242,203198950,Cuisinart Programmable Coffeemaker - Stainless Steel Finish - DCC2000,"DCC-2000 Coffee Maker (12 Cup, Stainless Steel)",1,MATCH,1
33440,208930722,Yamaha NS-AW190BL All-Weather Pair Speaker System - NSAW190BK,"Nikon COOLPIX P6000 13 Megapixels Digital Camera w/ 4x Wide Angle Optical Zoom, 2.7' Hi-Res LCD, Optical VR Image Stabilization, Face Priority AF & TV Movies with Sound - Black - 26135",0,NO_MATCH,0
22382,208893644,Sanus 32' - 50' Flat Panel TV Black Wall Mount - VMPL50B,TomTom XL 330 S Portable GPS Sysytem - Text to Speech - 4.3' Touchscreen - 1EG0.052.01,0,NO_MATCH,0
30058,203322272,Electrolux Pronto 2 In 1 Lightweight Upright Vacuum - EL1000B,Panasonic KX-FLB801 Multifunction Printer - KX-FLB801,0,NO_MATCH,0
37120,209114551,Canon PowerShot Black Digital Camera - SX110ISB,Canon PowerShot SX110 IS Digital Camera - Silver - 2666B001,1,NO_MATCH,0
33922,207925432,Panasonic Black DVD Home Theater Sound System - SCPT760,Panasonic SC-PT760 Home Theater System,1,MATCH,1
34036,204558176,Sony Black Handycam Camcorder Soft Carrying Case - LCSX20,TOMTOM ONE XL Additional Mount Kit - 9S00.006,0,NO_MATCH,0
31374,208455792,Frigidaire GLD4355RFS Gallery SpeedClean 24' White Dishwasher - GLD4355WH,Frigidaire GLD4355RFS Gallery Series 24' Under Counter Dishwasher,1,NO_MATCH,0
33581,208930714,Panasonic VIERA 46' Plasma Flat Panel 1080p HDTV In Black - TH46PZ80U,"Nikon COOLPIX S60 10 Megapixel Digital Camera w/ 5x Optical Zoom, Optical VR Image Stabilization, 3.5' High Res Touch Panel LCD, HD Pictmotion Slide Shows, & Autofocus and Auto Exposure - Pink - 26132",0,NO_MATCH,0
16669,203131412,Omnimount TV Top Shelf Mount - CCH1B,LG Electronics 24' Front-Load All-In-One Washer and Dryer: Titanium,0,NO_MATCH,0
38474,207535170,Linksys Gigabit 5-Port Workgroup Switch - EG005W,Garmin nvi 205 Automobile Navigator - 010-00717-40,0,NO_MATCH,0
28340,90106210,Whirlpool White Front Load Washer - WFW9200SWH,OmniMount Stainless Steel Speaker Mount - 20.0 WALL-W,0,NO_MATCH,0
35662,207535170,Garmin Nuvi 205 GPS Navigation System - 0100071740,Garmin nvi 205 Automobile Navigator - 010-00717-40,1,MATCH,1
19358,210566840,Sennheiser RF Wireless Headphones - RS140,Sony VAIO FW378J/B Notebook - VGNFW378J/B,0,NO_MATCH,0
36080,207900178,Samsung 22' Black Flat Panel Series 6 LCD HDTV - LN22A650,Samsung LN22A650 22' LCD TV,1,MATCH,1
36274,208653767,Transcend 16GB SDHC Card And Compact Card Reader - TS16GSDHC6S5W,Sony DPFV900 Digital Photo Frame - DPF-V900,0,NO_MATCH,0
16394,203151930,Danby Twin Tub Washer - DTT420WH,DeLonghi 4-Cup Drip Coffee Makers,0,NO_MATCH,0
18564,210399818,Whirlpool 24' Built-In Dishwasher - DU1055BK,Onkyo TX-SR876 A/V Receiver - TXSR876B,0,NO_MATCH,0
37174,209208663,TiVo HD XL Black Digital Video Recorder - TCD658000,TiVo TCD658000 - HD XL Digital Video Recorder,1,MATCH,1
34009,207595882,Samsung 46' Series 6 LCD Black Flat Panel HDTV - LN46A650,Samsung LN46A650 46' LCD TV,1,MATCH,1
34961,208114683,LG LFX25971SW 24.7 Cu. Ft. Smooth White French Door Bottom Freezer Refrigerator - LFX25971WH,LG 25 CF Refrigerator 3 Door White Tall,1,NO_MATCH,0
33488,207642166,Sony Red Cyber-Shot Digital Camera - DSCW170R,Samsung LN52A650 52' LCD TV,0,NO_MATCH,0
34747,90140203,Canon BCI-6 Multipack Ink Tanks - 4705A018,OmniMount TV Top Shelf Mount,0,NO_MATCH,0
29806,202755491,Panasonic White Integrated Telephone System - KXTS600W,Panasonic KX-TS600W Basic Telephone,1,MATCH,1
38388,210252356,Canon Digital EOS Rebel XS Starter Kit - 9320A010,Sony ICD-B600 512MB Digital Voice Recorder - ICDB600,0,NO_MATCH,0
36383,207937885,Speck SeeThru Orange Hard Shell Case For 13' MacBook - MB13ORGSEEV2,Sharp Air Purifier 194 CFM Max - KC-C100U,0,NO_MATCH,0
37123,209114552,Canon PowerShot A1000 IS Gray Digital Camera - A1000ISG,Canon PowerShot A1000 IS Digital Camera - Gray - 3210B001,1,NO_MATCH,0
14715,203021705,Toshiba Rechargeable 5-Hour Battery Pack - MEDB05LX,Toshiba Lithium Ion Portable DVD Player Battery - MEDB05LX,1,MATCH,1
9071,204345240,Sony 400 Disc MegaStorage CD Changer - CDPCX455,PANASONIC 2GB SD CARD PROHISPD 20 MB/SEC - RP-SDV02GU1A,0,NO_MATCH,0
35332,208504422,Mitsubishi 835 Diamond Series 65' 1080p DLP Rear Projection HDTV - WD65835,Mitsubishi Diamond WD-65835 65' Projection TV,1,MATCH,1
34442,209114575,Sony 3.1 Channel Home Theater Surround System In Black - HTCT100,VMware Fusion 2 - VMFM20BX2,0,NO_MATCH,0
29906,202139744,Audiovox Xpress XM Satellite Radio Receiver Home Kit - XMH10A,Audiovox XMH10 Home Docking Kit,1,MATCH,1
36299,208085180,Griffin Black iPhone 3G Wave Case - 8227IP2WVB,Pioneer DEH-2000MP Car Audio Player,0,NO_MATCH,0
37183,209656949,Apple 32GB Black 2nd Generation iPod Touch - MB533LLA,Apple iPod touch 32GB Flash Portable Media Player - MB533LL/A,1,MATCH,1
5644,203023505,Sony 5 Disc CD Player - CDPCE375,Sony CDP-CE375 CD Player/Changer - CDPCE375,1,MATCH,1
35024,208156876,LG Over-The-Range Stainless Steel Microwave Oven  - LMV1680SS,1.6 cu.ft. Over the Range Microwave,1,NO_MATCH,0
38108,208930723,Olympus Black 10 Megapixels Digital Camera - SP565UZ,"Nikon COOLPIX S710 14 Megapixel Digital Camera w/3.6x Optical Wide-Angle Zoom, 3' LCD, Smile Mode, In-Camera Red-Eye Fix - Black - 26127",0,NO_MATCH,0
35800,206783256,Panasonic Expandable Bluetooth-Enabled DECT 6.0 Phone System - KXTH1212B,LaCie Little Disk Hard Drive - 301829,0,NO_MATCH,0
36124,203474227,Denon Black AVR-1609 Home Theater Surround Sound Receiver - AVR1609,Oregon Scientific Helmet Video Camera - ATC-2000,0,NO_MATCH,0
35190,208117918,LG 24' LDF6920BB Fully Integrated Built In Black Dishwasher - LDF6920BK,LG LDF6920BB Fully Integrated Dishwasher,1,MATCH,1
28951,206722263,Escort Passport 9500I Radar And Laser Detector - 9500I,Escort new radar gps powered - 9500I,1,MATCH,1
23325,204787744,TiVo Series2 Dual Tuner Digital Video Recorder - TCD649080,Tivo 80 Hour DVR Recorder,1,NO_MATCH,0
30203,208156275,Denon X-Space Surround Bar Home Theatre System In Black - DHTFS3,Denon DHT-FS3 2-piece Home Theater Audio System,1,MATCH,1
36169,90145444,Sony Bud Style Headphones In Black - MDREX85LPBLK,Sony Fontopia Earbuds - MDREX81LPB,1,NO_MATCH,0
37469,209310248,Canon PowerShot Black 14.7 Megapixel Digital Camera - G10,"Canon PowerShot G10 14 Megapixel Digital Camera w/ 28mm Wide Lens, 5x Optical Zoom, 3' LCD, Face Detection & Red Eye Correction - 2663B001",1,MATCH,1
38329,210227282,Panasonic Black Hi-Definition Camcorder Starter Kit - VBGVBB1STRKIT,Battery and Bag Bundle for Panasonic Camcorders - VBG-VBB1STRKIT,1,MATCH,1
38944,201965217,Panasonic LM-AF30U3 Three Pack Of Single-Sided 30 Minute DVD-RAM Discs - LMAF30U3,Panasonic DVD-RAM Media - LM-AF30U3,1,MATCH,1
37052,204559211,Garmin Nuvi 265T GPS Navigation System - 0100057610,Panasonic 2.2 cu. ft. Stainless Steel Luxury Full Size Countertop Microwave Oven - NNSD967SS,0,NO_MATCH,0
34496,90146847,Samsung Sound Bar Home Theater System - HTX810,Plantronics Voyager 510 Bluetooth Earset,0,NO_MATCH,0
36906,208656495,Olympus Pink 8 Megapixel Digital Camera - FE360PNK,Olympus FE-360 Digital Camera - Pink - 226540,1,NO_MATCH,0
37749,210399743,Samsung Black Blu-ray Disc Player - BDP2500,Samsung BDP2500 - BD-P2500,1,MATCH,1
37893,208937534,Toshiba 26' Black LCD HDTV - 26AV502U,Toshiba 26AV502U - 26' Widescreen 720p LCD HDTV - Piano Black,1,MATCH,1
34880,201701865,TomTom ONE XL 330 Car GPS Navigation System - 1EG005200,Peerless Universal Tilt Wall Mount,0,NO_MATCH,0
36077,208043057,Samsung 19' Black Flat Panel Series 6 LCD HDTV - LN19A650,Nintendo DS Lite (Metallic Rose) - USGSZPB,0,NO_MATCH,0
25262,10315184,Netgear Prosafe 16 Port 10/100 Rackmount Switch - Black Finish - JFS516NA,Netgear ProSafe JFS516 Ethernet Switch,1,MATCH,1
24937,208504345,Omnimount Moda 2 Shelf Wall Furniture - MWFS,Sony BRAVIA V Series KDL-52V4100 52' LCD TV - KDL52V4100,0,NO_MATCH,0
25413,90049795,Sony MiniDV Cleaning Cassette - DVM12CLD,Sony MiniDV Head Cleaner - DVM12CLD,1,MATCH,1
35415,208941076,Uniden DECT 6.0 Digital Accessory Handset  - DCX300,"Garmin 265T - 3.5' GPS w/Bluetooth, Text To Speech, Where Am I?, Connect Photos - 010-00576-10",0,NO_MATCH,0
22798,208280406,Sanus VMAV Black VisionMount Component Wall Shelf VMAVB In Black - VMAVB,Ge 24746 Futura(tm) Indoor Hdtv Antenna,0,NO_MATCH,0
28020,204734549,Canon FAX-JX200 Inkjet Fax Machine - FAXJX200,Canon FAX-JX200 Fax Machine - 1735B002AA,1,NO_MATCH,0
34624,203407045,Sony 7.1 Channel Black A/V Receiver - STRDG720,Nyko PS3 Dual AC Charger - 83015,0,NO_MATCH,0
32893,208085182,Pioneer HD Radio Tuner - GEXP10HD,Pioneer GEX-P10HD HD Radio Add-on Tuner for Select In-dash Pioneer Receivers,1,MATCH,1
32150,207390506,Denon Networked Audio System With Built-In iPod Dock - S32,Denon S32 Network Ready Table-Top Stereo System - Deno_S-3289349,1,NO_MATCH,0
38782,210566840,Sony VAIO FW Series Black Notebook Computer - VGNFW378JB,Sony VAIO FW378J/B Notebook - VGNFW378J/B,1,MATCH,1
34393,206362748,Polk Audio CSI A4 Cherry Center Channel Loudspeaker - CSIA4CH,Polkaudio CSi A4 Cherry High Performance Center Channel Loudspeaker - AM4412-A,1,NO_MATCH,0
37210,209656961,Apple 120GB Black 7th Generation iPod Classic - MB565LLA,Apple iPod Classic 120GB Hard Drive Portable Media Player - MB565LL/A,1,MATCH,1
34661,208294716,Mitsubishi 735 Series 65' 1080p DLP Rear Projection Black HDTV - WD65735,Mitsubishi WD-65735 65' Projection TV - WD65735,1,MATCH,1
6493,202486964,Denon Stereo Tuner - TU1500RD,GE Millennium TV Antenna - 24734,0,NO_MATCH,0
33966,205561996,Peerless 32' - 45' Articulating Flat Panel TV Black Wall Arm - SA745PU,Peerless SmartMount 700 Series Articulating Wall Arm,1,NO_MATCH,0
33532,202434158,TomTom GPS Mount And USB Car Charger - 9N00101,Sony Print Paper - SVMF40P,0,NO_MATCH,0
33765,205728900,Sony DVP-FX820 Pink 8' Portable DVD Player - DVPFX820P,LaCie Little Disk Hard Drive - 301278,0,NO_MATCH,0
29829,205664964,LG DLE5955W White XL Capacity Electric Dryer - DLE5955WH,LG Electric Dryer with 9 Drying Programs,1,NO_MATCH,0
34125,203165921,Belkin Cush Top For Computer Laptop - F8N044ORG,Belkin CushTop - F8N044-ORG,1,MATCH,1
36789,10333846,Brenthaven Sling I Titanium Laptop Carrying Bag For 13' MacBook - TR653ZMA,Linksys EtherFast EF4116 Ethernet Switch,0,NO_MATCH,0
10640,208270234,Denon Semi-Automatic Turntable - Black Finish - DP29F,Bracketron Low-Pro Windshield Mount - SWM-400-BL,0,NO_MATCH,0
33382,207910214,Yamaha RX-V363BL 5.1 Channel Digital Home Theater Receiver In Black - RXV363BK,Yamaha RX-V363 Home Theater Receiver - RXV363BL,1,MATCH,1
31273,210401451,Sony Universal Remote Commander Remote Control - RMV310,Apple MacBook Pro Notebook - MB470LL/A,0,NO_MATCH,0
35277,206671732,Pioneer KURO 60' Black Plasma HDTV - PDP6020FD,Linksys WUSB600N Dual-Band Wireless-NUSB Network Adapter - WUSB600N,0,NO_MATCH,0
17187,202041204,Universal IR/RF Remote - MX350,Universal MX-350 Osiris Remote Control - MX350,1,MATCH,1
37207,202143947,Apple 8GB Black 4th Generation iPod Nano - MB754LLA,Sony Memory Stick USB Card Reader/Writer - MSACUS40,0,NO_MATCH,0
35185,208504304,Sony Black Component Home Theater System - HT7200DH,Sony HT7200DH Home Theater System,1,MATCH,1
37192,209656955,Apple 8GB Blue 4th Generation iPod Nano - MB732LLA,Apple 8GB iPod nano Blue (4th Generation) - MB732LL/A,1,MATCH,1
34089,90125772,Samsung 19' Black Flat Panel Series 4 LCD HDTV - LN19A450,Sanus Speaker Mount - WMS3B BLACK,0,NO_MATCH,0
37257,208504429,Canon PIXMA Photo All-In-One Printer - MP980,Denon AVR-1609 A/V Receiver - AVR1609,0,NO_MATCH,0
32027,206460113,Panasonic 27' Stainless Steel Microwave Trim Kit - TK903SS,Yamaha YSP-4000 Digital Sound Projector -- Black - YSP-4000BL,0,NO_MATCH,0
33690,207391431,Toshiba 19' Black LCD HDTV - 19AV500U,Toshiba 19AV500U 19' LCD TV,1,MATCH,1
38208,207527632,Panasonic Blue 8.1 Megapixel Digital Camera - DMCFS3A,Panasonic Lumix DMC-FS3 Digital Camera - Blue,1,MATCH,1
36796,208154853,Brenthaven Sling II Titanium Laptop Carrying Bag For 15' MacBook Pro - TR654ZMA,SLING II LAPTOP CASE - 21 INCH - 4.5 INCH - 14.5 INCH - 2221,1,NO_MATCH,0
38697,206892248,Logitech Cordless Desktop MX 5500 Revolution Keyboard And Mouse Combination - 920000383,Logitech Cordless Desktop MX 5500 Revolution Keyboard and Mouse - 920-000383,1,MATCH,1
32630,207554111,Apple 1TB Time Capsule Wireless Hard Drive  - MB277LLA,Apple Time Capsule Network Hard Drive - MB277LL/A,1,MATCH,1
34904,204559210,Sony Black 13.6 Megapixel Cyber-Shot Digital Camera - DSCW300,Panasonic NNSD797S 1.6 cu. ft. Genius Prestige Inverter Stainless Steel Microwave Oven,0,NO_MATCH,0
36637,205728900,LaCie Little Disk 250GB Black Portable Hard Drive - 301278,LaCie Little Disk Hard Drive - 301278,1,MATCH,1
36258,10376165,D-Link Broadband Cable Modem - DCM202,D-Link Express EtherNetwork High-Speed DOCSIS 2.0 Cable Modem - DCM-202,1,MATCH,1
34969,208294720,LG 32' Black LCD Flat Panel HDTV - 32LG30,LG 32LG30 - 32' Widescreen 720p LCD HDTV - 12000:1 Dynamic Contrast Ratio - 8ms Response Time,1,MATCH,1
35467,201699873,Peerless 23' - 46' Universal Flat Panel TV Black Wall Mount - SF640P,Peerless Universal Flat Wall Mount - SF640P,1,MATCH,1
23347,50012453,Sony PlayStation 2 DUALSHOCK 2 Analog Controller - Emerald Finish - 711719706205,PlayStation 2 DUALSHOCK Analog Controller - Green,1,MATCH,1
18970,206808432,Panasonic Genius Countertop Microwave In Black - NNH965BK,Canon DC320 Digital Camcorder - 2691B001,0,NO_MATCH,0
36450,209393872,Samsung 46' Series 8 LCD Black Flat Panel HDTV - LN46A860,"Samsung LN46A860 46' LCD TV (Widescreen, 1920x1080, 50000:1, HDTV)",1,MATCH,1
35060,207653535,Omnimount Stellar Series Audio Tower - G303DARK,OmniMount Stellar G303 Series 3 Shelf Component Stand - Black - G303 DARK,1,MATCH,1
33670,206917814,Nikon CoolPix S550 10 Megapixel Compact Plum Digital Camera - COOLPIXS550P,Nikon Coolpix S550 Digital Camera - Plum - 26110,1,MATCH,1
13954,90128649,Panasonic Corded Phone - KXTS3282B,Panasonic KX-TS3282B Corded Phone,1,MATCH,1
34724,207666382,Sony 2GB Memory Stick PRO Duo Mark 2 Media Card - MSMT2G,Sony 2GB Memory Stick PRO Duo Card - MSMT2G,1,MATCH,1
36286,208791921,Toshiba XDE Black 1080p Upconversion Extended Detail DVD Player - XDE500,Toshiba XD-E500 Upconversion DVD Player,1,MATCH,1
33936,208156877,Panasonic Black 8.5' Portable DVD Player - DVDLS86,LG 2.0 cu.ft. Over the Range Microwave Oven,0,NO_MATCH,0
38399,208937347,Canon 2GB SD Secure Digital Card - 3505B001,Canon CL-211 Color Ink Cartridge For PIXMA MP240 and MP480 Printers - 2976B001,0,NO_MATCH,0
38873,210399907,Denon Home Theater Receiver And Boston Acoustics 5.1 Speaker System Package - DHT589BA,Denon DHT-589BA Home Theater System,1,MATCH,1
33537,204020411,Elgato Mac EyeTV Hybrid - 10020630,Sharp Plasmacluster FP-P35CX Air Purifier - 129Sq. ft.,0,NO_MATCH,0
29574,204559209,Panasonic NNSD767S Stainless Steel Countertop Microwave Oven - NNSD767SS,Panasonic NNSD767S 1.6 cu. ft. Stainless Steel Countertop Microwave Oven,1,MATCH,1
36507,210190784,Onkyo THX Ultra 2 Plus Certified 7.1 Channel Home Theater Black Receiver - TXSR806B,Sony BDV-IS1000 Blu-ray Disc Home-Theater System - Precision Cinema HD via HDMI upscaler / BRAVIA Theatre Sync direct key / x.v.Color / XMB Xross Media Bar / 800Hz Cutoff Frequency,0,NO_MATCH,0
38142,208226470,Canon Pink 8.0 Megapixel PowerShot Digital Camera - SD1100ISP,Linksys WRT610N Simultaneous Dual-N Band Wireless Router,0,NO_MATCH,0
37462,209026638,Toshiba 52' Regza Black Flat Panel LCD HDTV - 52RV535U,Toshiba 52RV535U - 52' Widescreen 1080p LCD HDTV w/ Cinespeed - Piano Black,1,MATCH,1
34662,203379249,Mitsubishi 736 Series 65' 1080p DLP Rear Projection Black HDTV - WD65736,LG Electronics WDP3 Laundry Pedestal with Drawer -W/ B/ S/ N / WDP3R - Wild Cherry,0,NO_MATCH,0
35218,207536225,Garmin Nuvi 255W GPS Navigation System - 0100071820,Garmin nvi 255W Automobile Navigator - 010-00718-20,1,MATCH,1
34595,203199121,Hoover EmPower Bagless Upright Vacuum - U5269,"Hoover EmPower U5269-900 Vacuum (Upright, HEPA, Bagless)",1,MATCH,1
33157,207959798,Sony 40GB High Definition Hard Disk Drive Handycam Camcorder - HDRSR10,"Samsung LN52A750 - 52' 1080P LCD HDTV - 50,000:1 Dynamic Contrast Ratio - 120Hz - 6ms Response Time",0,NO_MATCH,0
27364,204791586,Kenwood KCA-IP200 Black iPod Direct Cable - KCAIP200,Kenwood iPod Direct Cable - kcaip200,1,MATCH,1
29238,50009858,Panasonic Expandable Digital Cordless DECT 6.0 Handset In Silver - KXTGA101S,PlayStation 2 Memory Card 8MB,0,NO_MATCH,0
37421,209896693,AT&T Aliph Jawbone II Silver Bluetooth Headset - JAWBONE2S,Aliph Jawbone 2 Silver Bluetooth Headset - Retail - 84442VRP,1,NO_MATCH,0
13580,208117926,Sanus WMS3B Black Weather Resistant Small Speaker Wall Mount - WMS3B,LG 1.6 cu.ft. Over the Range,0,NO_MATCH,0
34860,208114664,LG LDC22720ST 22 Cu. Ft. Smooth White Bottom Freezer Refrigerator - LDC22720SS,LG 22 Cu.Ft. Total Capacity,1,NO_MATCH,0
33327,207910337,Weber Spirit SP-320 Stainless Steel Liquid Propane Gas Outdoor Grill - 3730001,Apple Wireless Mighty Mouse - MB111LL/A,0,NO_MATCH,0
34662,208294722,Mitsubishi 736 Series 65' 1080p DLP Rear Projection Black HDTV - WD65736,Mitsubishi WD-65736 65' Projection TV - WD65736,1,MATCH,1
22940,207338961,Panasonic Plain Paper Fax/Copier With All-Digital Answering System - Silver Finish - KXFP145,Sony Handycam HDR-SR11 High Definition Digital Camcorder - HDRSR11,0,NO_MATCH,0
34559,207907557,Sony Pink Earbud Style Headphones - MDREX55P,Ex Series Earbuds Pnk - MDR EX55/PNK,1,MATCH,1
36142,207907548,Sony Bud Style Headphones In Silver - MDRED12LPSLV,Bass Lover Earbuds Slver - MDRED12LP/SLV,1,MATCH,1
34151,209199789,Panasonic 5.8 GHz Black Expandable Digital Cordless Phone System - KXTG4324B,Canon PIXMA iP4600 Inkjet Color Photo Printer - 2909B002,0,NO_MATCH,0
30957,210227285,Linksys Wireless-G Broadband Router - WRT54GL,Sharp AQUOS LC-42D85U 42' LCD TV,0,NO_MATCH,0
39179,10365096,Linksys Wireless-G Range Expander - WRE54G,Linksys Wireless-G Range Expander Wireless Bridge - WRE54G,1,MATCH,1
21268,203086405,Garmin StreetPilot C330 Dash Mount - Black Finish - 0101061300,Garmin GPS Receiver Dash Mount - 010-10613-00,1,MATCH,1
38214,206356230,Canon Black 21.1 Megapixel EOS Digital SLR Camera Body - EOS5DMARKIIBODY,SIRIUS SLV2 SIRIUS Stiletto 2 Portable Radio Vehicle Kit,0,NO_MATCH,0
23325,207390184,TiVo Series2 Dual Tuner Digital Video Recorder - TCD649080,Panasonic Lithium Ion Camcorder Battery - VW-VBG130,0,NO_MATCH,0
36859,204679144,Denon D-M37 Black CD/AM/FM Micro System - DM37SBK,Altec Lansing inMotion iM600 Portable Audio Speaker System - IM600,0,NO_MATCH,0
36102,90139585,Canon Black Rechargeable Battery - 9612A001,Canon NB-2LH Battery Pack - 9612A001,1,MATCH,1
36388,208226694,Speck SeeThru Red Hard Shell Case For 13' MacBook - MB13REDSEEV2,Speck Products SeeThru Case for Apple 13' MacBook - MB13-RED-SEE-V2,1,MATCH,1
24316,204569292,Whirlpool Duet Sport 27' White Electric Dryer  - WED8300SWH,Whirlpool Duet Sport 27'' Electric Dryer - WED8300SWH 6.7 Cubic Foot Capacity,1,MATCH,1
27501,203928709,Sirius FMDA25 Wired FM Modulation Relay - FMDA25,SIRIUS FMDA25 Wired FM Relay Kit,1,MATCH,1
34881,208112358,Sony 32' BRAVIA L-Series Black LCD Flat Panel HDTV - KDL32L4000,Sony DVP-NS700H/S DVD Player - DVPNS700HS,0,NO_MATCH,0
33485,208792604,Sony Silver Cyber-Shot Digital Camera - DSCW170,Sony Cyber-shot DSC-W170 Digital Camera - Silver - DSCW170,1,MATCH,1
36617,208453643,Sony Black VAIO Z Series 13.1' Notebook Computer - VGNZ550NB,Sony Z550N/B Notebook - VGNZ550N/B,1,MATCH,1
38826,209310268,Cuisinart Exact Heat Matte Black Toaster Oven Broiler - TOB155,"Nokia N96 Unlocked Phone - 16GB, 5MP Camera with Carl Zeiss Optics and Dual-LED Flash and Auto-Focus, Built-In GPS, WiFi, - 002G6Q3",0,NO_MATCH,0
37499,208043057,Nintendo DS Lite Metallic Rose Portable Gaming System - NDSUSGSZPB,Nintendo DS Lite (Metallic Rose) - USGSZPB,1,MATCH,1
33044,203514305,Canon Green Photo Ink Cartridge - CLI8G,Canon CLI-8 Green Ink Tank For PIXMA Pro 9000 Printer - 0627B002,1,NO_MATCH,0
31030,205557530,Canon PIXMA Multifunction Printer - MX310,Canon PIXMA MX310 Multifunction Photo Printer - 2184B002,1,NO_MATCH,0
33467,207542599,Sony Silver Cyber-Shot Digital Camera - DSCS750,Sony DSC-750 Cyber-shot Digital Camera - DSC750,1,MATCH,1
24034,90128026,Sony DVD Remote Control For PS2 - Black Finish - 711719707608,Sony Mini DVD-R Media - 3DMR30L1H,0,NO_MATCH,0
38434,204389692,Sharp AQUOS 42' Black LCD HDTV - LC42D85U,PANASONIC 4GB SDHC CARD CLASS 6 20 MB/SEC*NIC* - RP-SDV04GU1K,0,NO_MATCH,0
33653,203142438,Toshiba White 19' LCD HDTV DVD Combo - 19LV506,Sony 17-in-1 External USB Memory Card Reader And Writer - MRW62E/S1/181,0,NO_MATCH,0
38550,203154818,Samsung 2.1 Channel Bluetooth Home Theater System - HTX710T,"Harmony EL6985A Vacuum (Canister, HEPA)",0,NO_MATCH,0
26695,207464921,Lowepro SlingShot 200 AW Digital Camera Back Pack - SLINGSHOT200AW,Yamaha NS-AW190 All-Weather Speaker System - NS-AW190BL,0,NO_MATCH,0
34096,207642358,Samsung 50' Black Flat Panel Series 4 Plasma HDTV - PN50A450,Samsung PN50A450 50' Plasma TV,1,MATCH,1
34878,207907535,TomTom ONE 130S Car GPS Navigation System - 1EE005202,Sport Neckband Earbuds - MDR AS50G,0,NO_MATCH,0
552,90132241,Sony Turntable - PSLX350H,Sony PS-LX350H Belt-Drive Turntable,1,MATCH,1
34153,207465587,Panasonic Silver Lumix Wide Angle Lens Digital Camera - DMCTZ5S,Panasonic Lumix DMC-TZ5 Digital Camera - Silver,1,MATCH,1
25291,203308084,Sirius Sportster 4 With Car Kit - SP4TK1,Directed Electronics Sportster 4 Sirius Satellite Radio Receiver - SP4TK1,1,MATCH,1
38486,204647332,Transcend 133X High-Speed 8GB Compact Flash Card - TS8GCF133,iRobot Roomba Scooba Robot Floor Washer,0,NO_MATCH,0
31970,202456880,Nikon D300 Digital SLR Digital Camera - D300BODY,Tivo AG0100 Wireless G USB Network Adapter,0,NO_MATCH,0
17372,10363243,Belkin AC Anywhere - F5C400300W,Belkin AC Anywhere 300W Power Inverter - F5C400-300W,1,MATCH,1
34095,208226470,Samsung 58' Black Flat Panel Series 5 Plasma HDTV - PN58A550,Linksys WRT610N Simultaneous Dual-N Band Wireless Router,0,NO_MATCH,0
23658,203065730,Apple USB Modem - White Finish - MA034ZA,Apple V.92 Data/Fax USB Modem - MA034ZA,1,MATCH,1
33053,209310268,Netgear ProSafe 5 Port 10/100 Desktop Switch - FS105,"Nokia N96 Unlocked Phone - 16GB, 5MP Camera with Carl Zeiss Optics and Dual-LED Flash and Auto-Focus, Built-In GPS, WiFi, - 002G6Q3",0,NO_MATCH,0
34666,207876534,Panasonic VIERA 50' Plasma Flat Panel Black HDTV - TH50PZ800U,"Panasonic Viera TH-50PZ800U - 50' Widescreen 1080p Plasma HDTV - 1,000,000:1 Dynamic Contrast Ratio",1,MATCH,1
36861,208167531,Sony 46' BRAVIA XBR Series Black LCD Flat Panel HDTV - KDL46XBR6,Logitech QuickCam Vision Pro Webcam - 960-000254,0,NO_MATCH,0
35031,208156878,LG 2.0 Cu. Ft. Over-The-Range White Microwave Oven - LMVM2085WH,LG 2.0 cu.ft. Over the Range Microwave Oven,1,MATCH,1
34378,207543196,Polk Audio I-Sonic ES2 - ISONIC,Panasonic KX-TG9332S DECT 6.0 Expandable Digital Cordless Phone,0,NO_MATCH,0
31596,203343197,Nikon VR 55-200MM Zoom-Nikkor Lens Accessory - 2166,Canon EF 75-300mm f/4-5.6 III Telephoto Zoom Lens - 6473A003,0,NO_MATCH,0
18202,203347464,Canon Optura/Elura Accessory Kit - ACCESSORYKIT,Canon Mini DV Camcorder Starter Kit - 9582A008,1,NO_MATCH,0
33209,207390171,Sony 7' Digital Photo Frame In Black - DPFD70,Sony RDRVXD655 DVD/VCR Combo,0,NO_MATCH,0
36367,208670548,Canon EOS Rebel XS Black Digital SLR Camera - XSREB1855B,Sony BDP-S550 - Blu-ray DVD Player,0,NO_MATCH,0
30436,204505951,Olympus DS40 Digital Voice Recorder - DS40R,Olympus DS-40 512MB Digital Voice Recorder - 141910,1,NO_MATCH,0
33053,204791586,Netgear ProSafe 5 Port 10/100 Desktop Switch - FS105,Kenwood iPod Direct Cable - kcaip200,0,NO_MATCH,0
35925,205074375,Directed 50ft Extension Cable - 14230,Sirius 14230 50-FT ANTENNA EXTENSION CABLE - DEI14230,1,MATCH,1
35153,203162678,Weber Q 320 Liquid Propane Table And Outdoor Grill - 586002,Cuisinart Brew & Serve Stainless Therm Black 10-Cup Coffee Maker,0,NO_MATCH,0
37254,209199789,Canon PIXMA Black Photo Printer - IP4600,Canon PIXMA iP4600 Inkjet Color Photo Printer - 2909B002,1,NO_MATCH,0
32877,202537952,Garmin Nuvi Portable Friction Mount - 0101090800,Panasonic KX-TGA450B Cordless Handset,0,NO_MATCH,0
29392,204295637,Audiovox 9' LCD Drop Down TV With Built-In DVD - VE927,Audiovox VE927 9' TV/DVD Combo,1,MATCH,1
26461,200924629,Linksys Wireless-G VPN Broadband Silver Router - WRV54G,Linksys WRV54G Wireless-G VPN Broadband Router,1,MATCH,1
18202,204559214,Canon Optura/Elura Accessory Kit - ACCESSORYKIT,Panasonic NNSN667W 1.2 cu. ft. Countertop Microwave Oven In White,0,NO_MATCH,0
26350,202870184,Panasonic KX-TGA450B Black 5.8 GHz Cordless Handset - KXTGA450B,Garmin Cigarette Lighter Adapter for GPS Navigation - 010-10747-03,0,NO_MATCH,0
34454,207390180,Polk Audio Black 10' Powered Subwoofer - PSW110BK,polkaudio PSW Series PSW110 Powered Subwoofer,1,MATCH,1
34093,205777541,Samsung 50' Black Flat Panel Series 5 Plasma HDTV - PN50A550,Universal Remote Control MRF-260 Barrier-Free Addressable RF Base Station,0,NO_MATCH,0
22382,90138520,Sanus 32' - 50' Flat Panel TV Black Wall Mount - VMPL50B,Panasonic KX-TCA92 Headset,0,NO_MATCH,0
27197,204318288,Weber Stainless Steel Genesis S320 Natural Gas Grill - 3880001,"Weber Genesis S-320 3880001 60' Freestanding Gas Grill with 637 sq. in. Cooking Surface, 3 Stainless Steel Burners, Flush-Mounted Side Burner & Stainless Steel Shroud: Natural Gas",1,MATCH,1
35111,201701865,Peerless 37' - 60' Flat Panel TV Black Wall Mount  - ST660P,Peerless Universal Tilt Wall Mount,1,NO_MATCH,0
26059,208114672,Garmin 010-10823-00 Black Nuvi 660 Vehicle Suction Cup Mount - 0101082300,LG 25.0 Cu.Ft. Total Capacity,0,NO_MATCH,0
37539,208670548,Sony Blu-Ray Disc Player - BDPS550,Sony BDP-S550 - Blu-ray DVD Player,1,MATCH,1
33564,208504179,Denon Blu-ray Disc DVD/CD Player - DVD3800BDCI,Denon DVD-3800BDCI Blu-ray Disc Player - DVD3800BDCI,1,MATCH,1
36029,202635701,Canon NB-5L Lithium Battery - 1135B001,Uniden TCX905 Cordless Handset - TCX905,0,NO_MATCH,0
33955,207391023,Panasonic Black 1080p Up-Conversion DVD Recorder And VHS Combo Player - DMREZ48VK,Panasonic DMR-EZ48VK DVD/VCR Combo,1,MATCH,1
38781,203065730,Griffin Black TuneBuds Mobile For iPod And iPhone - 9410TUNBMBLB,Apple V.92 Data/Fax USB Modem - MA034ZA,0,NO_MATCH,0
33472,207900170,Transcend 2GB 133x Ultra Speed Compact Flash Card - TS2GCF133,Samsung 6 Series HL56A650 56' Projection TV,0,NO_MATCH,0
33471,208294727,Sony Silver Cyber-Shot Digital Camera - DSCW150,Sony Cyber-shot DSC-W150 Digital Camera - Silver - DSCW150,1,MATCH,1
36607,209891039,Denon 7.1 Channel AV Receiver With Network Client Compatible D-Dock Port In Black - AVR2809CI,Denon AVR2809CI A/V Receiver,1,MATCH,1
35165,208117924,LG 24' LDS4821WW Semi Integrated Built In White Dishwasher - LDS4821WH,LG Semi-Integrated Electronic Panel with Digital Status Display Dishwasher,1,NO_MATCH,0
36906,208791919,Olympus Pink 8 Megapixel Digital Camera - FE360PNK,Toshiba 22LV506 22' TV/DVD Combo,0,NO_MATCH,0
21267,207910212,Garmin Streetpilot C Series Vehicle Suction Mount - Black Finish - 0101060900,Sony DVP-FX820 Portable DVD Player - DVPFX820,0,NO_MATCH,0
34969,206827757,LG 32' Black LCD Flat Panel HDTV - 32LG30,Uniden DCX300 DECT 6.0 Accessory Handset and Cradle for the DECT2000 series,0,NO_MATCH,0
28304,204297424,Fellowes MicroShred Shredder - MS450CS,Garmin Portable Friction Mount,0,NO_MATCH,0
38704,209700735,VMware Fusion 2 For Mac - VMFM20BX2,USB POWER ADAPTER ACCS - MB352LL/B,0,NO_MATCH,0
35201,203136102,Sony 40' BRAVIA Z Series Black LCD Flat Panel HDTV - KDL40Z4100B,LG Electronics 10 cu.ft. Cabinet Depth Refrigerator,0,NO_MATCH,0
33440,202827677,Yamaha NS-AW190BL All-Weather Pair Speaker System - NSAW190BK,Peerless PLAV70-UNLP-S Articulating Dual-Arm with Vertical Adjustment - PLAV70 UNLPS,0,NO_MATCH,0
33443,202870173,Sony 60GB Handycam Hard Disk Drive Camcorder - DCRSR85,Garmin Leather GPS Case,0,NO_MATCH,0
36471,209208661,Samsung 55' Series 9 LCD Black Flat Panel HDTV - LN55A950,Samsung 9 Series LN55A950 55' LCD TV,1,MATCH,1
28971,204558176,Altec Lansing inMotion iPod Portable Audio System - IM600USB,TOMTOM ONE XL Additional Mount Kit - 9S00.006,0,NO_MATCH,0
32906,203324965,Sirius Dock And Play Universal Vehicle Kit - SUPV1,Directed Electronics SUPV1 Car Kit,1,MATCH,1
19141,202291459,Sanus Universal Projector Ceiling Mount -  Black Finish - VMPR1B,Sanus Center Channel Speaker Mount - VMCC1B,0,NO_MATCH,0
29099,204222472,Olympus Silver Digital Voice Recorder - VN4100PC,Olympus VN-4100PC 256MB Digital Voice Recorder - 141927,1,MATCH,1
33476,10315184,Sony Black Cyber-Shot Digital Camera - DSCW150B,Netgear ProSafe JFS516 Ethernet Switch,0,NO_MATCH,0
37808,206928605,Logitech Black V220 Cordless Optical Mouse For Notebooks - 910000153,Toshiba D-VR610 DVD VCR Combo,0,NO_MATCH,0
37474,209310245,Canon PowerShot Black 14.7 Megapixel Digital Camera - SD990ISB,"Canon PowerShot SD990 IS 14 Megapixel Digital Camera w/ 3.7x Optical Zoom, UA Len, Face Detection, 2.5 LCD, & ISO 1600 - Black - 2669B001",1,NO_MATCH,0
28366,90106210,Sony Progressive Scan Silver DVD Player - DVPNS57PS,OmniMount Stainless Steel Speaker Mount - 20.0 WALL-W,0,NO_MATCH,0
34363,209869989,Speck SeeThru Aqua Hard Shell Case For 20' iMac - IM20AQUSEE,SONY 42IN BRAVIA LCD V-SERIES 1080P HDTV - KDL42V4100,0,NO_MATCH,0
38214,210399746,Canon Black 21.1 Megapixel EOS Digital SLR Camera Body - EOS5DMARKIIBODY,Canon EOS 5D Mark II Digital SLR Camera - 2764B003,1,NO_MATCH,0
24368,204292473,Panasonic Digital Camera Battery - CGAS007A1B,Weber Genesis Series S-310 60' Freestanding Gas Grill,0,NO_MATCH,0
9312,90114398,Panasonic Hands-Free Headset - KXTCA86,Panasonic KX-TCA86 Headset,1,MATCH,1
25262,204559211,Netgear Prosafe 16 Port 10/100 Rackmount Switch - Black Finish - JFS516NA,Panasonic 2.2 cu. ft. Stainless Steel Luxury Full Size Countertop Microwave Oven - NNSD967SS,0,NO_MATCH,0
34791,203185276,Canon PG-40 Black Ink Cartridge Twin Pack - PG40TBK,Canon PG-40 Black Ink Cartridge - PG-40-BK-TWIN,1,MATCH,1
26891,202870174,Garmin 010-10723-03 Nuvi Suction Cup Mount - 0101072303,Garmin Vehicle Suction Cup mount,1,MATCH,1
580,204563770,Bose Acoustimass 5 Series III Speaker System - AM53BK,Sony DVPNS57P DVD Player - DVPNS57PB,0,NO_MATCH,0
33831,207552185,Olympus Evolt-420 10 Megapixel Digital SLR Camera With 14-42mm Lens In Black - EVOLTE420KIT,Olympus EVOLT E-420 Digital SLR Camera With 14 - 42mm f/3.5-f/5.6 Zuiko Digital Zoom Lens - Black - 262081,1,MATCH,1
31374,203340806,Frigidaire GLD4355RFS Gallery SpeedClean 24' White Dishwasher - GLD4355WH,Sony LCS-CSH Soft Camera Case - LCSCSH,0,NO_MATCH,0
30533,207464939,Apple 1GB Silver iPod Shuffle - MB225LLA,Samsung NV30 Digital Camera - Silver - EC-NV30ZSBA/US,0,NO_MATCH,0
34966,208156876,Samsung MiniDV Digital Camcorder - SCDC382,1.6 cu.ft. Over the Range Microwave,0,NO_MATCH,0
37796,208294727,Escort Passport 9500IX Radar Detector - 9500IX,Sony Cyber-shot DSC-W150 Digital Camera - Silver - DSCW150,0,NO_MATCH,0
36305,202899626,Linksys Wireless-N Security Router - WRVS4400N,Linksys Wireless-N WRVS4400N Gigabit Security Router with VPN,1,MATCH,1
35851,207552185,Linksys Ultra RangePlus Wireless-N Broadband Router - WRT160N,Olympus EVOLT E-420 Digital SLR Camera With 14 - 42mm f/3.5-f/5.6 Zuiko Digital Zoom Lens - Black - 262081,0,NO_MATCH,0
38296,209934620,Case-Mate Carbon Fiber Black Leather Case For iPhone 3G - IPH3GCBCF,SONY IPOD/PHONE DOCK CLOCK RADIO BLACK NIC - ICFC1IPMK2BLK,0,NO_MATCH,0
26346,209871973,Panasonic KX-TG4500B Black 5.8 GHz Cordless Phone System - KXTG4500B,Sony DPFD80 Digital Photo Frame,0,NO_MATCH,0
34000,207934192,Sony Black 1080p Upscaling DVD Player - DVPNS700HB,Sony DVP-NS700H/B DVD Player,1,MATCH,1
34946,208114672,LG LFC25770SB 25.0 Cu. Ft. Smooth Black French Door Bottom Freezer Refrigerator - LFC25770BK,LG 25.0 Cu.Ft. Total Capacity,1,NO_MATCH,0
36722,207682340,AppleCare Protection Plan For iPod Touch Or iPod Classic - MB591LLA,Speck Products SeeThru Case for Apple MacBook Air - MBA-CLR-SEE,0,NO_MATCH,0
37162,205664964,Canon PIXMA Photo All-In-One Printer - MP620,LG Electric Dryer with 9 Drying Programs,0,NO_MATCH,0
30957,202046565,Linksys Wireless-G Broadband Router - WRT54GL,Linksys Wireless-G WRT54GL Broadband Router,1,MATCH,1
34126,203166120,Belkin Cush Top For Computer Laptop - F8N044SLV,Belkin CushTop - F8N044-SLV,1,MATCH,1
35485,206901613,Haier 15' Black Flat Panel LCD HDTV DVD Combo - HLC15R,15in Lcd/dvd Tv Combo - HLC15R,1,MATCH,1
33924,207534895,Panasonic Black DVD Home Theater Sound System - SCPT960,Sony 16GB Memory Stick PRO Duo Card (Mark 2) - MSMT16G,0,NO_MATCH,0
32878,204219387,Garmin Vehicle Suction Cup Mount - 0101093600,Garmin Suction Cup Mount - 010-10936-00,1,MATCH,1
31273,207938488,Sony Universal Remote Commander Remote Control - RMV310,"Samsung LN40A750 - 40' 1080p LCD HDTV - 50,000:1 Dynamic Contrast Ratio - 4ms Response Time - 120Hz",0,NO_MATCH,0
34880,207899810,TomTom ONE XL 330 Car GPS Navigation System - 1EG005200,Sanus VisionMount LT25-B1 Tilting Wall Mount,0,NO_MATCH,0
36172,203111424,Sony Active Style Headphones In Black - MDRAS50G,"Twin Tub DTT420 Washer (Top Loading, 10 Lbs.)",0,NO_MATCH,0
38388,208294717,Canon Digital EOS Rebel XS Starter Kit - 9320A010,Sony BRAVIA S Series KDL-46S4100 46' LCD TV - KDL46S4100,0,NO_MATCH,0
38473,10333846,Linksys EtherFast4116 16-Port 10/100 Ethernet Switch - EF4116,Linksys EtherFast EF4116 Ethernet Switch,1,MATCH,1
27853,202985798,LG Laundry Remote Monitor - RLM20K,LG Electronics RLM20K Remote Laundry Monitoring System,1,MATCH,1
34253,90136420,Weber Gas Barbecue Rotisserie - 7519,Sony STR-DE197 - AV Receiver - 100 Watts per Channel,0,NO_MATCH,0
37859,210399745,Denon Black Blu-ray Disc DVD-CD Player - DVD1800BD,Denon DVD-1800BD Blu-ray Disc Player,1,MATCH,1
33160,207390655,Sony 120GB High Definition Hard Disk Drive Handycam Camcorder - HDRSR12,Sony Handycam HDR-SR12 High Definition Digital Camcorder - HDRSR12,1,MATCH,1
23519,208890628,Whirlpool Duet Sport Front Loading White Washer - White Finish - WFW8300SWH,"Logitech diNovo Edge, Mac Edition - 920-000924",0,NO_MATCH,0
16765,204569335,Frigidaire 27' Electric Stack Washer Dryer Combo - FEX831WH,Frigidaire 27'' Electric Stack Washer Dryer Combo - FEX831WH Extra-Large Capacity Wash Tub,1,MATCH,1
35853,202812567,Pioneer USB iPod Interface Cable - CDIU230V,Boss 161 Speaker,0,NO_MATCH,0
38806,210536123,Canon XH A1S Black High Definition HDV Camcorder - XHA1S,Canon XH A1S - 3238B001,1,NO_MATCH,0
26695,203459314,Lowepro SlingShot 200 AW Digital Camera Back Pack - SLINGSHOT200AW,Bose In-Ear Earphone - INEARHEADPHONES,0,NO_MATCH,0
37010,210399855,Onkyo Black Stereo Receiver - TX8255,Onkyo TX-8255 A/V Receiver,1,MATCH,1
34009,205083968,Samsung 46' Series 6 LCD Black Flat Panel HDTV - LN46A650,UNIDEN DCX200 DECT 6.0 Accessory Handset & Charger,0,NO_MATCH,0
39090,208294701,Mitsubishi DLP Black TV Stand - MBS73V,Samsung BDP-1500 Blu-ray DVD Player - BDP1500,0,NO_MATCH,0
33767,208112357,Sony DVP-FX820 Red 8' Portable DVD Player - DVPFX820R,Sony DVP-FX820/R Portable DVD Player - DVPFX820/R,1,MATCH,1
31956,206356229,Sirius Sportster 5 Dock And Play Radio With Car Kit - SP5TK1,Sirius Sportster 5 Radio with Vehicle Kit,1,MATCH,1
24571,204292473,Panasonic 2 Line 5.8 GHz FHSS GigaRange Expandable Digital Cordless Answering System - Black Finish - KXTG6700B,Weber Genesis Series S-310 60' Freestanding Gas Grill,0,NO_MATCH,0
38798,204230770,Peerless Black Flat Panel TV Stand - SS550PBK,Sanus MF215-B1 Extending Full Motion Mount,0,NO_MATCH,0
29029,204679142,Canon 580EXII Speedlite In Black - 1946B002,Canon Speedlite 580EX II Flash Light - 1946B002,1,MATCH,1
33595,202900041,Panasonic VIERA 46' Plasma Flat Panel 1080p HDTV In Black - TH46PZ85U,"Panasonic NN-C994S Genius Prestige Convection Microwave Oven with Inverter Turbo Defrost and One-Touch Sensor Cooking, Stainless",0,NO_MATCH,0
34000,204254634,Sony Black 1080p Upscaling DVD Player - DVPNS700HB,Sony InfoLithium H-Series NP-FH70 Camcorder Battery - NPFH70,0,NO_MATCH,0
38550,210252184,Samsung 2.1 Channel Bluetooth Home Theater System - HTX710T,Escort 9500CI Escort GPS Radar Detector,0,NO_MATCH,0
34127,203165922,Belkin Cush Top For Computer Laptop - F8N044GRN,Belkin CushTop - F8N044-GRN,1,MATCH,1
27783,210402319,Sony VAIO VGP-PRSZ1 SZ Series Docking Station - VGPPRSZ1,Polk Audio I-Sonic ES2 Entertainment System 2 AM/FM and HD Table Radio - AM1195-A,0,NO_MATCH,0
33437,207464919,Yamaha  All-Weather Pair Speaker System - NSAW390WH,Yamaha Outdoor NS-AW390 All-Weather Speaker System - NS-AW390WH,1,MATCH,1
17873,207509842,Sanus 15' - 40' Flat Panel TV Black Wall Mount - VM400B,Altec Lansing Orbit-MP3 Portable Audio System - IM207,0,NO_MATCH,0
35022,208117925,LG Over-The-Range Black Microwave Oven - LMV1680BK,LG 1.6 cu.ft. Over the Range Microwave,1,MATCH,1
35530,210252184,Escort Passport 9500CI Radar Detector - 9500CI,Escort 9500CI Escort GPS Radar Detector,1,MATCH,1
35332,205844282,Mitsubishi 835 Diamond Series 65' 1080p DLP Rear Projection HDTV - WD65835,Sony LCS-CSJ Soft Camera Case - LCSCSJ,0,NO_MATCH,0
35052,207897840,Sharp 26' Black LCD HDTV With Built In DVD Player - LC26DV24U,Sharp LC26DV24U 26' TV/DVD Combo,1,MATCH,1
38735,205777549,Logitech diNovo Edge Keyboard Windows Edition - 967685,Transcend 2GB CompactFlash Card (133x) - TS2GCF133,0,NO_MATCH,0
34065,208409750,Canon Silver 10 Megapixel PowerShot Digital Camera - SD890IS,Yamaha YSP-3050 Digital Sound Projector - YSP-3050BL,0,NO_MATCH,0
11338,90140166,Sony Xplod 10-Disc Add-On CD/MP3 Changer - CDX565MXRF,Sony CDX-565MXRF 10-Disc CD/MP3 Changer,1,MATCH,1
38957,207535265,Lasonic ATSC Digital To Analog TV Converter Box - LTA260,Lasonic LTA-260 ATSC Converter Box,1,MATCH,1
13945,204679142,Onkyo 6 Disc CD Player Changer - DXC390B,Canon Speedlite 580EX II Flash Light - 1946B002,0,NO_MATCH,0
36243,208117922,Monster iCarPlay Wireless 250 FM Transmitter With AutoScan for iPod And iPhone - AIPFMCH250,LG Semi-Integrated Electronic Panel with Digital Status Display,0,NO_MATCH,0
30093,207900179,Sony Black DVDirect MC5 Multi-Function DVD Recorder - VRDMC5,Samsung LN32A550 32' LCD TV,0,NO_MATCH,0
36988,90140203,Canon VIXIA 120GB High Definition Hard Disc Drive Black Camcorder - HG21,OmniMount TV Top Shelf Mount,0,NO_MATCH,0
33021,203154818,Electrolux Harmony Series Canister Vacuum - EL6985B,"Harmony EL6985A Vacuum (Canister, HEPA)",1,NO_MATCH,0
30533,209085175,Apple 1GB Silver iPod Shuffle - MB225LLA,SAMSUNG 4GB PORTABLE MLTIMDIA PLYR BLK - YPS-S3JAB/XAA,0,NO_MATCH,0
30594,208084021,Audiovox Commander MT XM Satellite Radio Receiver - XMRVRFM002,Pioneer PDP-5020FD 50' Plasma TV,0,NO_MATCH,0
37078,90138609,LG 42' Glossy Piano Black LCD Flat Panel HDTV - 42LG30,Sony CDP-CX355 300 Disc MegaStorage CD Changer,0,NO_MATCH,0
33537,206898358,Elgato Mac EyeTV Hybrid - 10020630,Elgato EyeTV Hybrid Analog/Digital TV Tuner Stick - 10020630,1,MATCH,1
37404,204206935,Canon Black EOS 50D Digital SLR Camera With 28-135MM Lens - 50D28135,Panasonic KX-TG1033S Digital Cordless Phone with Three Handsets,0,NO_MATCH,0
28067,203922244,Pioneer CD-I200 iBus Interface Cable For iPod - CDI200,Pioneer iBus Interface Cable for iPod - CD-I200,1,MATCH,1
35877,209307663,Sharp HEPA Air Purifier - FPP35CX,Sony VAIO NS190J/S Notebook - VGNNS190J/S,0,NO_MATCH,0
35035,208156879,LG 2.0 Cu. Ft. Over-The-Range Stainless Steel Microwave Oven - LMVM2085SS,LG 2.0 cu.ft. Over the Range Microwave Oven,1,MATCH,1
27857,207554111,Transcend 2GB Micro SD Memory Card - TS2GUSD,Apple Time Capsule Network Hard Drive - MB277LL/A,0,NO_MATCH,0
36746,205691190,Nikon CoolPix S610 10 Megapixel Black  Digital Camera - COOLPIXS610BK,Sony MDREX81LP Comfort Fit Ear Hanger Headphones- Choose Color (Black),0,NO_MATCH,0
33637,207391015,Toshiba 19' Black LCD HDTV With Built In DVD Player - 19LV505,Toshiba 19LV505 - 19' Widescreen LCD HDTV w/ Built-in DVD Player - 800:1 Contrast Ratio - 5ms Response Time,1,MATCH,1
29823,206725724,LG DLE2516W White Super Capacity Electric Dryer - DLE2516WH,DeLonghi ESAM3300 Esclusivo Magnifica Super-Automatic Espresso/Coffee Machine,0,NO_MATCH,0
29272,203900792,Tech Craft Dark Cherry Veneto Series TV Stand - SWP60,Techcraft SWP60 Classic Wood Tone Credenza TV Stand,1,MATCH,1
37091,203136103,Sony Cyber-Shot Black Digital Camera - DSCT500B,LG Electronics LRBP1031W 10 Cu. Ft. Refrigerator,0,NO_MATCH,0
35014,202827677,LG 30' Stainless Steel Freestanding Gas Range - LRG30357SS,Peerless PLAV70-UNLP-S Articulating Dual-Arm with Vertical Adjustment - PLAV70 UNLPS,0,NO_MATCH,0
35276,208084021,Pioneer KURO 50' Black Plasma HDTV - PDP5020FD,Pioneer PDP-5020FD 50' Plasma TV,1,MATCH,1
9355,203151776,Cuisinart Convection-Oven-Toaster-Broiler With Exact Heat Sensor - TOB165WH,White .5 cu. ft 1500 Watt Convection/Broiler/Toaster Oven,1,NO_MATCH,0
38693,208710842,Samsung 46' Series 8 LCD Black Flat Panel HDTV - LN46A850,"Samsung LN46A850 - 46' 1080P LCD HDTV - 50,000:1 Dynamic Contrast Ratio - 120Hz - 4ms Response Time - Super Slim 1.9' Thick!",1,MATCH,1
35334,206928608,Mitsubishi 835 Diamond Series 73' 1080p DLP Rear Projection HDTV - WD73835,Toshiba SD-6100 DVD Player,0,NO_MATCH,0
36124,208033486,Denon Black AVR-1609 Home Theater Surround Sound Receiver - AVR1609,ALPINE CDA-9887 Car Audio Player - CDA9887,0,NO_MATCH,0
36381,208226695,Speck SeeThru Blue Hard Shell Case For 13' MacBook - MB13BLUSEEV2,Speck Products SeeThru Case for Apple 13' MacBook - MB13-BLU-SEE-V2,1,MATCH,1
35990,204049431,Polk Audio White Round Two-Way In-Wall Loudspeaker  - TC60I,polkaudio TCi Series TC60i In-Ceiling Loudspeaker - TC60iW,1,MATCH,1
36151,207390617,Sony EX Ear Bud Headphones In White - MDREX32LPWHI,Sony Cyber-shot DSC-W120 Digital Camera - Pink - DSCW120/P,0,NO_MATCH,0
34378,210402319,Polk Audio I-Sonic ES2 - ISONIC,Polk Audio I-Sonic ES2 Entertainment System 2 AM/FM and HD Table Radio - AM1195-A,1,NO_MATCH,0
30957,202784218,Linksys Wireless-G Broadband Router - WRT54GL,Pioneer TS-P462 Speaker,0,NO_MATCH,0
32744,204832843,Sirius Satellite Radio Universal Car Tuner - SCC1,Sirius SCC1 Universal Vehicle Tuner,1,MATCH,1
32512,205466519,Logitech Blue V470 Cordless Laser Mouse For Notebooks - 910000298,Logitech V470 Cordless Laser Mouse for Notebooks - 910-000298,1,MATCH,1
37686,208893667,Canon PIXMA Photo All-In-One Printer - MP480,Canon PIXMA MP480 Color Inkjet All-In-One Photo Printer - 2918B002,1,NO_MATCH,0
34158,206895864,Panasonic 40GB Hard Drive Camcorder - SDRH40,Panasonic Palmcorder SDR-H40 Digital Camcorder,1,MATCH,1
13996,203025174,Escort Cordless Solo Radar Detector - S2E,Cordless Solo S2 Radar/Laser Detector - 010ES20A,1,NO_MATCH,0
23965,206725966,Panasonic All-in-One Flatbed Laser Fax - KXFLB801,Sony VCL-DH1774 Telephoto Lens - VCLDH1774,0,NO_MATCH,0
38726,204080936,Sanus SC1A Black VisionMount Series Ceiling Mount For Small LCD Flat Panels - SC1AB,Sanus Flat Panel Ceiling Mount - SC1A-B1,1,MATCH,1
35925,205986339,Directed 50ft Extension Cable - 14230,Garmin Suction Cup Mount - 010-10815-00,0,NO_MATCH,0
37198,209656957,Apple 8GB Purple 4th Generation iPod Nano - MB739LLA,Apple 8GB iPod nano Purple (4th Generation) - MB739LL/A,1,MATCH,1
29950,204559210,Panasonic NNSD797S Stainless Steel Countertop Microwave Oven - NNSD797SS,Panasonic NNSD797S 1.6 cu. ft. Genius Prestige Inverter Stainless Steel Microwave Oven,1,MATCH,1
25990,208464207,Frigidaire 24' PLD4375RFC Built-In Stainless Steel Dishwasher - PLD4375SS,Canon EOS Rebel XS Digital SLR Camera with EF-S 18-55mm 1:3.5-5.6 IS Lens - Black - 2762B003,0,NO_MATCH,0
38323,207986331,LG White XL Load Capacity Electric Dryer - DLE0442WH,Samsung DVD-V9800 DVD/VCR Combo Player w/ 1080p Up-Conversion,0,NO_MATCH,0
35666,210435432,Sony Black 5.1 Channel Home Theater System - HTDDWG700,Danby DBC2760BLS 5.0 cu.ft beverage center / 27 bottle wine cooler,0,NO_MATCH,0
35219,208504334,Sony 46' BRAVIA Z Series Black LCD Flat Panel HDTV - KDL46Z4100B,Sony BRAVIA Z Series KDL-46Z4100 46' LCD TV - KDL46Z4100/B,1,MATCH,1
34961,207464920,LG LFX25971SW 24.7 Cu. Ft. Smooth White French Door Bottom Freezer Refrigerator - LFX25971WH,Yamaha Outdoor NS-AW390 All-Weather Speaker System - NS-AW390BL,0,NO_MATCH,0
26929,207907557,Monster PS3 CV/FO-10 Playstation 3 GameLink Component Video And Fiber Optic Digital Audio AV Kit - PS3CVFO10,Ex Series Earbuds Pnk - MDR EX55/PNK,0,NO_MATCH,0
34174,206761808,Klipsch Groove PM20 Computer Speakers - GROOVEPM20BK,Griffin iTrip AutoPilot FM Transmitter - 4046-TRPAUTOC,0,NO_MATCH,0
34218,207907559,LG 37' Black LCD Flat Panel HDTV - 37LG50,Ex Series Earbuds Black - MDR EX55/BLK,0,NO_MATCH,0
19112,204264643,Sony Soft Cyber-Shot Carrying Case - LCSCST,"PLD4555RFC Professional SpeedClean 24-in. Under Counter Dishwasher (14 Place Settings, Stainless Steel, Energy Star)",0,NO_MATCH,0
33280,206808434,Canon Vixia High Definition Camcorder - HF10,Canon VIXIA HF10 High Definition Digital Camcorder - 2573B001,1,NO_MATCH,0
7936,209253738,Panasonic Integrated Telephone System - KXTS108W,Canon VIXIA HG20 High Definition Camcorder - 3085B001AA,0,NO_MATCH,0
37331,203086405,Coby 10.2' Black LCD Flat Panel HDTV - TFTV1022,Garmin GPS Receiver Dash Mount - 010-10613-00,0,NO_MATCH,0
33053,207391015,Netgear ProSafe 5 Port 10/100 Desktop Switch - FS105,Toshiba 19LV505 - 19' Widescreen LCD HDTV w/ Built-in DVD Player - 800:1 Contrast Ratio - 5ms Response Time,0,NO_MATCH,0
37311,209901963,Sony VAIO CS Series White Notebook Computer - VGNCS180JW,"Sony VAIO CS Series VGN-CS180J/W 14.1-Inch Notebook 2.26 GHz Intel Core 2 Duo P8400 Processor, 4 GB RAM, 320 GB Hard Drive, Blu-ray Drive, Vista Home Premium- White - VGNCS180J/W",1,MATCH,1
34476,207910337,Weber Premium Black Grill Cover - 7550,Apple Wireless Mighty Mouse - MB111LL/A,0,NO_MATCH,0
21989,204274645,Frigidaire Electric White Dryer - FEQ332WH,Frigidaire Electric Dryer - FEQ332WH 5.7 Cu.Ft. Super Capacity Drum,1,MATCH,1
35019,208117926,LG Over-The-Range White Microwave Oven - LMV1680WH,LG 1.6 cu.ft. Over the Range,1,MATCH,1
38475,10140760,Linksys EtherFast10/100 5-Port Auto-Sensing Switch - EZXS55W,Linksys EtherFast EZXS55W Ethernet Switch,1,MATCH,1
38619,202985806,LG Washer Dryer White Stacking Kit - WSTK1,LG Electronics LG WSTK1 Washer/Dryer Stacking Kit: White,1,MATCH,1
37497,208410812,Nintendo DS Lite Metallic Silver Portable Gaming System - NDSUSGSVB,Nintendo DS Lite (Metallic Silver),1,MATCH,1
35738,208453646,Samsung 7.1-Channel Blu-ray Home Theater System - HTBD2TXAA,Sony Z570N/B Notebook - VGNZ570N/B,0,NO_MATCH,0
25670,203389465,Olympus Lithium Ion Rechargeable Battery - LI42B,Olympus LI-42B Lithium Ion Digital Camera Battery - 202034,1,MATCH,1
38106,202870171,Canon Black EF 70-300mm F/4-5.6 IS USM Telephoto Zoom Lens - 0345B002,CHARGE YOUR UNIT WITH THIS AC ADAPTER CABLE. ALSO INCLUDES INTERNATIONAL ADAPTER - 010-10723-00,0,NO_MATCH,0
33272,208670548,Canon DVD Camcorder - DC310,Sony BDP-S550 - Blu-ray DVD Player,0,NO_MATCH,0
37686,202870174,Canon PIXMA Photo All-In-One Printer - MP480,Garmin Vehicle Suction Cup mount,0,NO_MATCH,0
34033,206460121,Sony Digital SLR Camera With Lens Kit - DSLRA200W,Yamaha YSTFSW100 Subwoofer - YST-FSW100BL,0,NO_MATCH,0
25670,90138520,Olympus Lithium Ion Rechargeable Battery - LI42B,Panasonic KX-TCA92 Headset,0,NO_MATCH,0
36080,204644752,Samsung 22' Black Flat Panel Series 6 LCD HDTV - LN22A650,Electrolux Homecare #EL012A Electro H12 Hepa Filter,0,NO_MATCH,0
34278,207959798,Sony 5.1 Channel Black A/V Receiver - STRDG520,"Samsung LN52A750 - 52' 1080P LCD HDTV - 50,000:1 Dynamic Contrast Ratio - 120Hz - 6ms Response Time",0,NO_MATCH,0
36123,207929461,Denon Black Home Theater Surround Sound Receiver - AVR1709,TomTom XL 330 Portable GPS System w/ Preloaded Maps - 1EG0.052.00,0,NO_MATCH,0
31596,10346525,Nikon VR 55-200MM Zoom-Nikkor Lens Accessory - 2166,Linksys G Wireless-G WET54G Wireless Bridge,0,NO_MATCH,0
33522,203921172,Canon Black EOS Rebel XSi Digital SLR Camera - XSIREB1855,Bose SL2 Wireless Surround Link,0,NO_MATCH,0
35591,208171946,Samsung 72' Series 6 Black Widescreen DLP HDTV - HL72A650,"Samsung HL72A650 - 72' Widescreen 1080p DLP HDTV - 2,500:1 Contrast Ratio",1,MATCH,1
34881,208294718,Sony 32' BRAVIA L-Series Black LCD Flat Panel HDTV - KDL32L4000,Sony BRAVIA KDL-32L4000 32' LCD TV - KDL32L4000,1,MATCH,1
31014,202125720,Universal RF Base Station - MRF260,Sony Ribbon and Paper with Snap-Off Edges For DPP-FP50 Digital Photo Printer - SVMF120P,0,NO_MATCH,0
29902,205665803,TiVo HD Digital Video Recorder (180 Hour) - TCD652160,Tivo TIV652160 Tivo High Definition,1,MATCH,1
35014,208117937,LG 30' Stainless Steel Freestanding Gas Range - LRG30357SS,LG 5.0 cu.ft. Freestanding Gas Range,1,NO_MATCH,0
34836,208154551,Sony Picture Station Digital Photo Printer - DPPFP95,Sony Cyber-shot DSC-W150 Digital Camera - Red - DSCW150R,0,NO_MATCH,0
32315,208344063,Uniden Dect 6.0 Accessory Handset  And Charging Cradle - DCX200,CHOPS HANGER - HEADPHONE - WIRED - EARBUDS - 18 - 20000 HZ - BLACK AND CHROME - HH26-SKC01,0,NO_MATCH,0
23519,208456185,Whirlpool Duet Sport Front Loading White Washer - White Finish - WFW8300SWH,Whirlpool WFW8300SW 27' Front-Load Washer w/3.4 Cu. Ft. Capacity (White),1,MATCH,1
31813,207934191,Kenwood Sirius Radio Translator For In-Dash Head Units - KCASR50,Sony STR-DG720 A/V Receiver - STRDG720,0,NO_MATCH,0
23519,207539418,Whirlpool Duet Sport Front Loading White Washer - White Finish - WFW8300SWH,Samsung L200 Digital Camera - Black - EC-L200ZBBA/US,0,NO_MATCH,0
34831,207682339,Speck SeeThru Pink Hard Shell Case For MacBook Air - MBAPNKSEE,Speck Products SeeThru Case for Apple MacBook Air - MBA-PNK-SEE,1,MATCH,1
30343,207338879,Sony PSP 2000 Playstation Portable Gaming System Core 98510 In Piano Black - 711719851004,Sony Mylo COM-2 Personal Communicator - Black - COM2BLACK,0,NO_MATCH,0
31032,207388758,Chestnut Hill Sound George iPod Music System In White - CHS4001,Panasonic Viera TH-50PZ80U 50' Plasma TV,0,NO_MATCH,0
25857,205985718,Garmin Nuvi 360 010-10723-06 Black 12 Volt Adapter Cable - 0101072306,The LG Electric SteamDryer,0,NO_MATCH,0
30867,206575951,Seiko Quartz Le Grand Sport Womens Watch - SXDA04,Motorola MOTOROKR T505 Bluetooth In-Car Speakerphone - 89149,0,NO_MATCH,0
26444,208791921,Nyko PlayStation 3 Dual Charger AC - 743840830153,Toshiba XD-E500 Upconversion DVD Player,0,NO_MATCH,0
37187,208112356,Apple 8GB Silver 4th Generation iPod Nano - MB598LLA,Sony DVP-FX820/L Portable DVD Player - DVPFX820/L,0,NO_MATCH,0
36556,208289997,Panasonic VIERA 58' 1080p Plasma HDTV In Black - TH58PZ850U,Transcend 4GB microSDHC Card (Class 6) - TS4GUSDHC6,0,NO_MATCH,0
38522,202070807,Flip Video F460 Black Mino HD Camcorder - F460B,Kensington MicroSaver Notebook Lock - 64068F,0,NO_MATCH,0
36001,207934192,Sony 7.1 Channel Black AV Receiver - STRDG920,Sony DVP-NS700H/B DVD Player,0,NO_MATCH,0
38574,207391014,Sony BD/DVD Home Theater System - BDVIS1000,Toshiba 19LV506 - 19' Widescreen LCD HDTV w/ Built-in DVD Player - 800:1 Contrast Ratio - 5ms Response Time - White,0,NO_MATCH,0
37181,205690063,Apple 8GB Black 2nd Generation iPod Touch - MB528LLA,Nintendo DS Lite (Crimson & Black) - USGSRMKB,0,NO_MATCH,0
36061,208791922,Toshiba Black DVD/VCR Combinaton Player - SDV296,Toshiba SD-V296 DVD/VCR Combo,1,MATCH,1
37141,209194240,Nikon D90 Black Digital SLR Camera With Nikkor 18-105mm Lens - D90OUTFIT,Nikon D90 Digital SLR Camera with AF-S DX Nikkor 18-105mm f/3.5-5.6G ED VR Lens - 25448,1,NO_MATCH,0
36808,208171631,Onkyo 7.1 Channel Home Theater Black Receiver - TXSR876B,Pure Digital Flip Mino Digital Camcorder - F360W,0,NO_MATCH,0
24693,90106172,Denon Fully Automatic Analog Turntable - DP300F,OmniMount Universal Wall Speaker Mounting Kit - 20.0 WALL-B,0,NO_MATCH,0
28554,205865183,Olympus PS-BLS1 Lithium Ion Rechargeable Battery - LIIONPSBLS1,Transcend 4GB CompactFlash Card (133x) - TS4GCF133,0,NO_MATCH,0
36305,208117937,Linksys Wireless-N Security Router - WRVS4400N,LG 5.0 cu.ft. Freestanding Gas Range,0,NO_MATCH,0
38295,210258472,Altec Lansing inMotion MAX iPod/iPhone Portable Audio System - IMT702,Altec Lansing IMT702 inMotion MAX Portable Speaker System for iPhone,1,MATCH,1
34092,207679756,Samsung 32' Black Flat Panel Series 4 LCD HDTV - LN32A450,Samsung 4 Series LN32A450 32' LCD TV,1,MATCH,1
37196,207390655,Apple 8GB Pink 4th Generation iPod Nano - MB735LLA,Sony Handycam HDR-SR12 High Definition Digital Camcorder - HDRSR12,0,NO_MATCH,0
23246,204206935,Plantronics Voyager 510 Bluetooth Headset - Silver Finish - 496915,Panasonic KX-TG1033S Digital Cordless Phone with Three Handsets,0,NO_MATCH,0
17187,207642355,Universal IR/RF Remote - MX350,Samsung HT-Z510 Home Theater System,0,NO_MATCH,0
32874,202870171,Garmin 010-10723-00 AC Adapter Cable With International Adapters - 0101072300,CHARGE YOUR UNIT WITH THIS AC ADAPTER CABLE. ALSO INCLUDES INTERNATIONAL ADAPTER - 010-10723-00,1,MATCH,1
27840,203379249,LG 14' Washer And Dryer Red Pedestal With Drawer - WDP3R,LG Electronics WDP3 Laundry Pedestal with Drawer -W/ B/ S/ N / WDP3R - Wild Cherry,1,MATCH,1
30734,207907430,Tech Craft Veneto Series Black TV Stand - ABS60BK,Techcraft ABS60 TV Stand,1,MATCH,1
37907,210227260,Sharp AQUOS Blu Ray Disc Player In Black And Silver - BDHP21U,Sharp AQUOS BD-HP21U Blu-ray Disc Player,1,MATCH,1
37187,210206538,Apple 8GB Silver 4th Generation iPod Nano - MB598LLA,VholdR Wearable Camcorder (Black) - 1102,0,NO_MATCH,0
37893,210441817,Toshiba 26' Black LCD HDTV - 26AV502U,Panasonic Kx-tg9391t Dect 6.0 Two-line Corded/cordless Phone Combo - KX-TG9391T,0,NO_MATCH,0
34361,207642497,Samsung Black DVD/VHS Combo Recorder - DVDVR375,"Samsung DVD-VR375 DVD/VCR Combo - DVD+RW, DVD-RW, DVD-RAM, DVD+R, DVD-R, VHS, CD-RW - DVD Video, CD-DA, MP3, MPEG-4, WMA, JPEG, DivX Playback - Progressive Scan",1,MATCH,1
29231,204206936,Panasonic Expandable Digital Cordless DECT 6.0 Answering System In Silver - KXTG1034S,Panasonic KX-TG1034S DECT 6.0 Cordless Phone - KX-TG1034S,1,MATCH,1
34151,206854516,Panasonic 5.8 GHz Black Expandable Digital Cordless Phone System - KXTG4324B,Panasonic KX-TG4324B 5.8 GHz Expandable Digital Cordless Phone,1,MATCH,1
31032,210251970,Chestnut Hill Sound George iPod Music System In White - CHS4001,Chestnut Hill CHS40001 Chestnut Hill George Ipod Dock Compact Stereo System,1,MATCH,1
34256,206888001,Weber Cast Iron Griddle - 7531,Weber Cast Iron Griddle for Genesis Silver As and Spirit 500s & Spirit 200 Series,1,MATCH,1
19112,206854516,Sony Soft Cyber-Shot Carrying Case - LCSCST,Panasonic KX-TG4324B 5.8 GHz Expandable Digital Cordless Phone,0,NO_MATCH,0
35903,205769439,Sony 2GB Memory Stick Micro (M2) - MSA2GU2,Sony 2GB Memory Stick Micro (M2) - MSA2GD,1,NO_MATCH,0
33280,202456903,Canon Vixia High Definition Camcorder - HF10,TiVo TCD649080 - Series2 Digital Video Recorder - Up to 80 Hours Capacity,0,NO_MATCH,0
32882,204563949,Pioneer Remote Control With DVD/Audio Controls - CDR55,Pioneer CD-R55 Wireless Remote for Avic-D3/4900DVD - CDR55,1,MATCH,1
38773,202635701,Sony Black HD Radio With Dock For iPod And iPhone - XDRS10HDIP,Uniden TCX905 Cordless Handset - TCX905,0,NO_MATCH,0
35011,208154550,LG 30' Black Freestanding Gas Range - LRG30357BK,Sony Cyber-shot DSC-W150 Digital Camera - Gold - DSCW150N,0,NO_MATCH,0
37812,209245958,Sony VAIO RT Series Black All-In-One Desktop Computer - VGCRT150Y,Sony VAIO RT All-in-One Desktop - VGCRT150Y,1,MATCH,1
33220,208893656,Sony 9' Digital Photo Frame In Black - DPFV900,SB-900 AF SPEEDLIGHT W/-STND DIFFSN DOME FLT SET - 4807,0,NO_MATCH,0
34298,207543193,Panasonic DECT 6.0 Expandable Digital Cordless Phone With All-Digital Answering System - KXTG9341T,Panasonic KX-TG9341T Cordless Phone,1,MATCH,1
36264,209000383,iHome Silver Computer Speakers With iPod Dock - IH70S,iHome iH70SRC 15 Watt Computer Speakers with iPod Syncing/Charging Dock - IH70SRC,1,MATCH,1
38324,203086857,Griffin Black iPhone 3G Clarifi Protective Case With Built-In Close-Up Lens - 8245IP2MGNFI,Sony Remote Control - RMV310,0,NO_MATCH,0
32876,204053338,Garmin 010-10823-01 Carrying Case - 0101082301,Garmin Leather Carry Case for Nuvi 660 - 010-10823-01,1,MATCH,1
17220,208226695,Panasonic 5-Pack DVD-RAM Discs - LMAF120LU5,Speck Products SeeThru Case for Apple 13' MacBook - MB13-BLU-SEE-V2,0,NO_MATCH,0
13580,204318286,Sanus WMS3B Black Weather Resistant Small Speaker Wall Mount - WMS3B,Weber Genesis Series E-310 3841001 60' Freestanding Gas Grill with 637 sq. in. Cooking Surface & 3 Stainless Steel Burners: Black Natural Gas,0,NO_MATCH,0
33965,206780877,Logitech Harmony One Advanced Universal Remote Control - HARMONY1,Logitech Harmony One Advanced Universal Remote Control - 915-000035,1,NO_MATCH,0
33717,206928604,Toshiba Black DVD Recorder With 1080p Upconversion - DR410,Toshiba D-R410 DVD Player/Recorder,1,MATCH,1
38831,208289990,Tripp-Lite Black 25 Foot SVGA HD15M To HD15M Computer Monitor Cable - P502025,Sony HT-DDWG700 Home Theater System - HTDDWG700,0,NO_MATCH,0
33786,206854515,Panasonic 5.8 GHz Black Expandable Digital Cordless Phone System - KXTG4323B,Panasonic KX-TG4323B 5.8 GHz Expandable Digital Cordless Phone,1,MATCH,1
38798,208464825,Peerless Black Flat Panel TV Stand - SS550PBK,Weber Summit E-620 Copper LP Gas Grill,0,NO_MATCH,0
34280,207464921,Samsung 22' Black Flat Panel LCD HDTV - LN22A450,Yamaha NS-AW190 All-Weather Speaker System - NS-AW190BL,0,NO_MATCH,0
38704,206746475,VMware Fusion 2 For Mac - VMFM20BX2,Nintendo DS Lite (Cobalt Blue and Black) - USGSBMKB,0,NO_MATCH,0
36033,204295637,Canon Black Leather Camera Case - 1588B001,Audiovox VE927 9' TV/DVD Combo,0,NO_MATCH,0
29829,208344063,LG DLE5955W White XL Capacity Electric Dryer - DLE5955WH,CHOPS HANGER - HEADPHONE - WIRED - EARBUDS - 18 - 20000 HZ - BLACK AND CHROME - HH26-SKC01,0,NO_MATCH,0
35552,90139585,Garmin Vehicle Adjustable Suction Cup Mount - 0101082303,Canon NB-2LH Battery Pack - 9612A001,0,NO_MATCH,0
16877,202434158,Sony Digital Photo Printer Paper 40 Pack  - SVMF40P,Sony Print Paper - SVMF40P,1,MATCH,1
20466,206892248,Canon Black Ink Cartridge - Black - PG40BK,Logitech Cordless Desktop MX 5500 Revolution Keyboard and Mouse - 920-000383,0,NO_MATCH,0
31020,202973389,Sony HD-Handycam 1.5 Meters (5 Feet) HDMI Mini Cable - VMC15MHD,Techcraft Veneto Series ABS32 TV Stand,0,NO_MATCH,0
35981,207539418,Samsung L200 Black 10.2 Megapixel Digital Camera - ECL200ZBBA,Samsung L200 Digital Camera - Black - EC-L200ZBBA/US,1,MATCH,1
36636,206783256,LaCie Little Disk 320GB Black Portable Hard Drive - 301829,LaCie Little Disk Hard Drive - 301829,1,MATCH,1
36816,208893656,Nikon SB-900 AF Speedlight In Black - SB900,SB-900 AF SPEEDLIGHT W/-STND DIFFSN DOME FLT SET - 4807,1,MATCH,1
38704,209114575,VMware Fusion 2 For Mac - VMFM20BX2,VMware Fusion 2 - VMFM20BX2,1,MATCH,1
34392,206362747,Polk Audio CSI A4 Black Center Channel Loudspeaker - CSIA4BK,Polkaudio CSi A4 Black High Performance Center Channel Loudspeaker - AM4415-A,1,NO_MATCH,0
36808,210399818,Onkyo 7.1 Channel Home Theater Black Receiver - TXSR876B,Onkyo TX-SR876 A/V Receiver - TXSR876B,1,MATCH,1
32228,205985718,LG DLEX8377NM Navy Blue XL Capacity Electric SteamDryer - DLEX8377BLUE,The LG Electric SteamDryer,1,NO_MATCH,0
27965,203136102,LG Titanium Bottom-Freezer Refrigerator - LRBP1031TT,LG Electronics 10 cu.ft. Cabinet Depth Refrigerator,1,NO_MATCH,0
25364,209208718,Olympus Digital Camera Neoprene Soft Case - Black With Grey Finish - 202066,Canon PIXMA MP620 Wireless Photo All-In-One Inkjet Printer - 2921B002,0,NO_MATCH,0
34154,207390673,Panasonic Black Lumix Wide Angle Lens Digital Camera - DMCTZ5K,Panasonic Lumix DMC-TZ5 Digital Camera - Black,1,MATCH,1
37301,209302310,Sony VAIO CS Series Red Notebook Computer - VGNCS110ER,Sony VAIO CS110E/R Notebook - VGNCS110E/R,1,MATCH,1
38164,209700735,Apple USB Power Adapter - MB352LLB,USB POWER ADAPTER ACCS - MB352LL/B,1,MATCH,1
18564,203131412,Whirlpool 24' Built-In Dishwasher - DU1055BK,LG Electronics 24' Front-Load All-In-One Washer and Dryer: Titanium,0,NO_MATCH,0
33532,204071217,TomTom GPS Mount And USB Car Charger - 9N00101,TOMTOM GPS Receiver Accessory Kit - 9N00.101,1,MATCH,1
32493,203324970,Sirius Plug And Play Universal Home Kit - SUPH1,Sirius SUPH1 Sirius Universal Home Kit,1,MATCH,1
38474,207544265,Linksys Gigabit 5-Port Workgroup Switch - EG005W,DNX5120 All-in-One Navigation/DVD Entertainment System,0,NO_MATCH,0
31373,208455791,Frigidaire GLD4355RFB Gallery SpeedClean 24' Black Dishwasher - GLD4355BK,Frigidarie GLD4355RF 24' Gallery Speed Clean Dishwasher (Black),1,MATCH,1
34127,202143942,Belkin Cush Top For Computer Laptop - F8N044GRN,Sanus VCD/DVD Wall Mount - VMAVB,0,NO_MATCH,0
33175,204587803,Sony Silver Cyber-Shot 7.2 Megapixel Digital Camera - DSCW120,Nikon 18-200mm 3.5-5.6 G ED DX AFS VR Zoom Wide Angle Nikkor Lens - Niko_215930348,0,NO_MATCH,0
26444,203407045,Nyko PlayStation 3 Dual Charger AC - 743840830153,Nyko PS3 Dual AC Charger - 83015,1,NO_MATCH,0
21267,207536226,Garmin Streetpilot C Series Vehicle Suction Mount - Black Finish - 0101060900,Garmin nvi 205W Automobile Navigator - 010-00718-40,0,NO_MATCH,0
34947,205567912,LG LFC25770ST 25.0 Cu. Ft. Stainless Steel French Door Bottom Freezer Refrigerator - LFC25770SS,Belkin Orange Cushtop,0,NO_MATCH,0
26617,201692705,Canon PGI-5BK Black Ink Tank Cartridge - PGI5BK,Canon PGI-5BK Black Ink Cartridge - 0628B002,1,NO_MATCH,0
37055,208941075,Garmin Nuvi 265WT GPS Navigation System - 0100057510,"Garmin nuVi 265WT - 4.3' Widescreen GPS w/Text to Speech, Bluetooth, Where Am I?, Connect Photos - 010-00575-10",1,MATCH,1
38473,209871973,Linksys EtherFast4116 16-Port 10/100 Ethernet Switch - EF4116,Sony DPFD80 Digital Photo Frame,0,NO_MATCH,0
35276,202045862,Pioneer KURO 50' Black Plasma HDTV - PDP5020FD,Panasonic NN-H965BF Microwave Oven - Counter Top - 2.2ft - 1250W - Black,0,NO_MATCH,0
24346,207920831,Panasonic Lithium Ion Rechargeable Battery - Black Finish - CGRS006A1B,Griffin TuneBuds Stereo Earset - 9410-TUNBMBLB,0,NO_MATCH,0
25670,204230770,Olympus Lithium Ion Rechargeable Battery - LI42B,Sanus MF215-B1 Extending Full Motion Mount,0,NO_MATCH,0
17906,206722262,Frigidaire Electric Dryer - FEQ1442WH,Escort X50 Passport 8500 Radar Detector - High Intensity Red Display - 8500X50RED,0,NO_MATCH,0
29493,204549804,Netgear ProSafe 24-Port Smart Switch - GS724TP,Netgear ProSafe GS724TP 24 Port Smart Switch with PoE - GS724TP-100NAS,1,MATCH,1
26615,210227260,Logitech Harmony 1000 Silver Touch Screen Remote Control - H1000,Sharp AQUOS BD-HP21U Blu-ray Disc Player,0,NO_MATCH,0
30159,208033486,Alpine CD/MP3/WMA/AAC Receiver - CDA9887,ALPINE CDA-9887 Car Audio Player - CDA9887,1,MATCH,1
39175,208295050,Logitech Digital Precision PC Gaming Headset - 981000040,ALPINE CDA-9886 Car Audio Player - CDA9886,0,NO_MATCH,0
37462,90049795,Toshiba 52' Regza Black Flat Panel LCD HDTV - 52RV535U,Sony MiniDV Head Cleaner - DVM12CLD,0,NO_MATCH,0
34927,208117933,LG Stainless Steel Freestanding Electric Range - LRE30757SS,LG 5.6 cu.ft. Freestanding Electric Range,1,NO_MATCH,0
23519,208294724,Whirlpool Duet Sport Front Loading White Washer - White Finish - WFW8300SWH,Panasonic Viera TH-46PZ850U 46' Plasma TV - TH46PZ850U,0,NO_MATCH,0
34901,204274645,Onkyo 7.1-Channel Home Theater Black Receiver - TXSR606B,Frigidaire Electric Dryer - FEQ332WH 5.7 Cu.Ft. Super Capacity Drum,0,NO_MATCH,0
23686,209208661,Linksys EtherFast 4124 24-Port Ethernet Switch - EF4124,Samsung 9 Series LN55A950 55' LCD TV,0,NO_MATCH,0
35018,207900343,Samsung 5 Disc Home Theater Surround Sound System - HTTZ515,Samsung HT-TZ515 Home Theater System - HTZ515/XAA,1,MATCH,1
26525,203921172,Bose SL2 Wireless Black Surround Link - SL2WIRELESS,Bose SL2 Wireless Surround Link,1,MATCH,1
37301,206887553,Sony VAIO CS Series Red Notebook Computer - VGNCS110ER,Samsung TR72B TV Stand,0,NO_MATCH,0
34016,208042911,Z-Line Portland Black TV Stand - ZL2344MU,Z-Line Designs ZL23-44MU Portland Flat Panel TV Stand with Integrated Mount,1,MATCH,1
34076,207390654,Onkyo 7.1-Channel Black Home Theater Receiver - TXSR506B,Sony Handycam HDR-SR10 High Definition Digital Camcorder - HDRSR10,0,NO_MATCH,0
29933,202139765,Audiovox Xpress XM Satellite Radio FM Direct Adapter - XMFM1,Audiovox XMFM1 Switch Box,1,MATCH,1
33440,207464921,Yamaha NS-AW190BL All-Weather Pair Speaker System - NSAW190BK,Yamaha NS-AW190 All-Weather Speaker System - NS-AW190BL,1,MATCH,1
36909,208656497,Olympus Silver 8 Megapixel Digital Camera - FE370S,Olympus FE-370 Digital Camera - Silver - 226420,1,NO_MATCH,0
13202,10379358,Panasonic Laser Toner Cartridge - KXFA83,Panasonic Black Toner Cartridge - KX-FA83,1,MATCH,1
34824,207390710,Sony DSLR-A350 Digital Camera And 18-70mm Zoom Lens - DSLRA350K,Sony alpha DSLR-A350K Digital SLR Camera with 18-70mm Zoom Lens - Black - DSLRA350K,1,MATCH,1
35334,206783262,Mitsubishi 835 Diamond Series 73' 1080p DLP Rear Projection HDTV - WD73835,LaCie d2 Quadra Hard Drive - 301825U,0,NO_MATCH,0
29238,204206937,Panasonic Expandable Digital Cordless DECT 6.0 Handset In Silver - KXTGA101S,Panasonic KX-TGA101S DECT 6.0 Expansion Handset,1,MATCH,1
35022,206362747,LG Over-The-Range Black Microwave Oven - LMV1680BK,Polkaudio CSi A4 Black High Performance Center Channel Loudspeaker - AM4415-A,0,NO_MATCH,0
36808,203131635,Onkyo 7.1 Channel Home Theater Black Receiver - TXSR876B,Griffin Elevator Desktop Stand for Portable Laptops - 1093-CURV2,0,NO_MATCH,0
36705,208930722,Nikon Black 13.5 Megapixel COOLPIX Digital Camera - COOLPIXP6000BK,"Nikon COOLPIX P6000 13 Megapixels Digital Camera w/ 4x Wide Angle Optical Zoom, 2.7' Hi-Res LCD, Optical VR Image Stabilization, Face Priority AF & TV Movies with Sound - Black - 26135",1,MATCH,1
30951,203087865,Canon EOS 40D Digital SLR Camera In Black - EOS40DBODY,Garmin Vehicle Suction Mount - 010-10609-00,0,NO_MATCH,0
25136,203087638,Denon 5 Disc CD Player - Black Finish - DCM390,Denon DCM-390 5 Disc CD Changer - DCM390,1,MATCH,1
33582,206462228,Panasonic VIERA 50' Plasma Flat Panel 1080p HDTV In Black - TH50PZ80U,Linksys RangePlus WRT160N 4-Port Wireless-N Broadband Router - WRT160N,0,NO_MATCH,0
34963,210442350,LG LFX25971ST 24.7 Cu. Ft. Stainless Steel French Door Bottom Freezer Refrigerator - LFX25971SS,Sony BRAVIA XBR Series KDL-52XBR6 52' LCD TV - KDL52XBR6,0,NO_MATCH,0
38798,205852250,Peerless Black Flat Panel TV Stand - SS550PBK,Peerless SS550P Flat Panel TV Stand,1,MATCH,1
35052,206917814,Sharp 26' Black LCD HDTV With Built In DVD Player - LC26DV24U,Nikon Coolpix S550 Digital Camera - Plum - 26110,0,NO_MATCH,0
33936,207391019,Panasonic Black 8.5' Portable DVD Player - DVDLS86,Panasonic DVD-LS86 Portable DVD Player,1,MATCH,1
32322,206576716,Fellowes Personal Powershred Shredder - SB97CS,Linksys Wireless-G Internet Video Camera - WVC54GCA,0,NO_MATCH,0
38511,207465595,Audiovox 7'  Acrylic Digital Photo Frame - DPF701,Panasonic Lumix DMC-FS3 Digital Camera - Silver,0,NO_MATCH,0
31176,205844279,Sony White Cybershot T Series Digital Camera Jacket Case With Stylus - LCJTHCW,Sony LCJ-THC/B Jacket Case with Stylus - LCJ-THC/W,1,MATCH,1
37856,205520997,Canon Black Leather Case - 3528B001,Bracketron iPod Docking Kit,0,NO_MATCH,0
35810,209026638,Canon KP-36IP Color Ink & Paper Set - 7737A001,Toshiba 52RV535U - 52' Widescreen 1080p LCD HDTV w/ Cinespeed - Piano Black,0,NO_MATCH,0
38574,210190784,Sony BD/DVD Home Theater System - BDVIS1000,Sony BDV-IS1000 Blu-ray Disc Home-Theater System - Precision Cinema HD via HDMI upscaler / BRAVIA Theatre Sync direct key / x.v.Color / XMB Xross Media Bar / 800Hz Cutoff Frequency,1,MATCH,1
